"company_name","credit","seasearcher_id","country","country_code"
"Delmore Ventures Limited","20000","514286","Albania","ALB"
"Rafaelo 2002 Sha","150000","","Albania","ALB"
"Hyproc Shipping Company SPA","1000000","","Algeria","DZA"
"Saipem SA","3000000","597814","Angola","AGO"
"CMA CGM","32000000","295120","Arab Republic of Egypt","EGY"
"ARCADIA FUELS PTY LTD","300000","650367","Australia","AUS"
"FMC Technologies Australia","1500000","","Australia","AUS"
"JK International Pty Limited","800000","206603","Australia","AUS"
"MCDERMOTT AUSTRALIA PTY.","1000000","","Australia","AUS"
"Trade Ocean Shipping Services Pty Ltd","300000","","Australia","AUS"
"Agriculture & Energy Carriers. Ltd. Bahamas","500000","","Bahamas","BHS"
"Harbour Island Shipping Limited","300000","292373","Bahamas","BHS"
"Pioneer Navigation Ltd (Bahamas)","1000000","","Bahamas","BHS"
"Swedish Orient Line (Bahamas) Ltd","1000000","","Bahamas","BHS"
"Arab Shipbuilding and Repair Yard","400000","","Bahrain","BHR"
"The Sol Group","1300000","","Barbados","BRB"
"AUDACIA TRANSPORT","1500000","483369","Belgium","BEL"
"Bocimar International NV","7000000","590983","Belgium","BEL"
"Boeckmans Belgie NV","100000","186001","Belgium","BEL"
"Cobelfret Ferries NV","1500000","574506","Belgium","BEL"
"Conti-Lines NV","3000000","590983","Belgium","BEL"
"Engie Energy Management SCRL","3500000","495341","Belgium","BEL"
"Euro Marine Logistics N.V.","250000","320826","Belgium","BEL"
"Euronav NV","1250000","555109","Belgium","BEL"
"LALEMANT NV","400000","37274","Belgium","BEL"
"Normed Belgium BVBA","200000","383943","Belgium","BEL"
"RAIN CARBON BVBA","300000","","Belgium","BEL"
"Societe d'Exploitation du Pioneering","5500000","482584","Belgium","BEL"
"BG SHIPPING CO. LTD","1000000","77611","Belize","BLZ"
"Mediterranean Shipping Co. S.A. (MSC)","72000000","95698","Belize","BLZ"
"DHT HOLDINGS INC C/O DHT","3000000","","Bermuda","BMU"
"Frontline Shipping Limited","7000000","284142","Bermuda","BMU"
"Golar LNG Limited","15000000","176566","Bermuda","BMU"
"Golar LNG Management Ltd","7500000","","Bermuda","BMU"
"PIONEER NAVIGATION LTD C/O","600000","","Bermuda","BMU"
"SWIRE PACIFIC OFFSHORE","500000","39691","Bermuda","BMU"
"TEAM TANKERS CITY CLASS","1000000","476857","Bermuda","BMU"
"Teekay Chartering Limited","4300000","302565","Bermuda","BMU"
"Teekay LNG Partners LP","1000000","","Bermuda","BMU"
"Brazilian Navy Commission","350000","","Brazil","BRA"
"Lyra Maritima Ltda","750000","","Brazil","BRA"
"PAN OCEAN CO LTD","2500000","154907","British Virgin Islands","VGB"
"Primetransport Ltd","450000","274935","British Virgin Islands","VGB"
"Sonara","12500000","58520","Cameroon","CMR"
"Adventure Canada Ontario","600000","","Canada","CAN"
"Algoma Central Corporation","500000","533","Canada","CAN"
"Bay Ferries Limited","150000","88432","Canada","CAN"
"Canfornav Inc","1000000","239843","Canada","CAN"
"Canpotex Shipping Services","300000","285857","Canada","CAN"
"CSAL CANADA-STATES-AFRICA-","100000","","Canada","CAN"
"Norvic Shipping International","2500000","502574","Canada","CAN"
"One Ocean Expeditions inc","1200000","529690","Canada","CAN"
"Petroles Reiter Inc. AKA Reiter","300000","","Canada","CAN"
"Seaspan Ship Management Ltd","600000","181115","Canada","CAN"
"Sinotrans Canada Inc","1500000","285517","Canada","CAN"
"SUNCOR ENERGY INC","2000000","572296","Canada","CAN"
"Suncor Energy Products Partnership","2000000","646690","Canada","CAN"
"Viterra","2650000","647780","Canada","CAN"
"Siem Industries Inc","5000000","1543","Cayman Islands","CYM"
"Naviera Chilena del Pacifico SA","100000","3024","Chile","CHL"
"Jiangshu Shagang Group Co. Ltd","7500000","","China","CHN"
"JIANGSU STEAMSHIP COMPANY","750000","","China","CHN"
"Nanjing Sheng Hang Shipping Co..","1000000","","China","CHN"
"Shanghai Haihua Shipping Co Ltd","500000","","China","CHN"
"Shanghai Sinochem-Stolt Shipping","300000","","China","CHN"
"Zheijang Changchang Shipping Co. Ltd","0","","China","CHN"
"Cementos Argos S.A.","250000","640220","Colombia","COL"
"Ducat Maritime Limited","1000000","636252","Cyprus","CYP"
"INTERORIENT MARINE","500000","247712","Cyprus","CYP"
"Island Oil Limited","250000","73871","Cyprus","CYP"
"Lemissoler Shipmanagement","800000","129574","Cyprus","CYP"
"Marlow Navigation Company","500000","27626","Cyprus","CYP"
"Nordstar LLC","240000","29794","Cyprus","CYP"
"SOLAL SHIPPING S.A.","500000","653331","Cyprus","CYP"
"TERMOIL SA","500000","502271","Cyprus","CYP"
"Universal Africa Lines Limited","250000","556992","Cyprus","CYP"
"UPT Handy Pool Limited","180000","517255","Cyprus","CYP"
"UPT POOL LTD","500000","472894","Cyprus","CYP"
"White Lake Shipping LTD","500000","545861","Cyprus","CYP"
"Ace Shipping A/S","100000","519988","Denmark","DNK"
"Alpina Shipping Agencies Aps","200000","","Denmark","DNK"
"Baltic Shipping Company A/S","300000","1601","Denmark","DNK"
"BALTNAV A/S","350000","501831","Denmark","DNK"
"Blue Star Line A/S","1000000","203447","Denmark","DNK"
"Carl Jensen's Marinelager A/S","400000","","Denmark","DNK"
"CENTURION BULK PTE. LIMITED","1000000","517019","Denmark","DNK"
"Clipper Bulk A/S","3000000","253631","Denmark","DNK"
"COPCO A/S","1000000","194387","Denmark","DNK"
"Dampskibsselskabet Norden A/S","12000000","11423","Denmark","DNK"
"Dampskibsselskabet Norden A/S","6000000","11423","Denmark","DNK"
"DFDS A/S","2000000","4096","Denmark","DNK"
"Equinor Refining Denmark AS","100000","","Denmark","DNK"
"Esvagt A/S","2200000","24073","Denmark","DNK"
"FALCON NAVIGATION A/S","250000","283847","Denmark","DNK"
"FF Handelsafdeling ApS","15000000","","Denmark","DNK"
"Forsvaret og Forsvarsministeriets Styrelser","25000000","","Denmark","DNK"
"Fortuna Seaside Bulk Carriers A/S","1000000","","Denmark","DNK"
"Frederikshavn Maritime Uddan-","100000","","Denmark","DNK"
"Genco Shipping","7000000","636534","Denmark","DNK"
"Handytankers K/S","5000000","194328","Denmark","DNK"
"Independent Bulk Carriers A/S","600000","636926","Denmark","DNK"
"Integrity Bulk ApS","750000","641792","Denmark","DNK"
"J. Lauritzen A/S","7500000","8903","Denmark","DNK"
"Jutlandia Terminal A/S","3000000","","Denmark","DNK"
"Koppers Denmark Aps","400000","268104","Denmark","DNK"
"Lauritzen Bulkers A/S c/o  J. Lauritzen A/S","500000","","Denmark","DNK"
"Licvem Shiping & Trading Aps","1100000","","Denmark","DNK"
"MAERSK DRILLING A/S","1000000","","Denmark","DNK"
"Maersk Drilling Services A/S","500000","289570","Denmark","DNK"
"MAERSK LINE A/S","3000000","","Denmark","DNK"
"Maersk Oil Trading and","750000","129680","Denmark","DNK"
"Maersk Supply Service A/S","750000","481236","Denmark","DNK"
"Maersk Tankers A/S","5000000","257458","Denmark","DNK"
"Malik Supply A/S","500000","56915","Denmark","DNK"
"NAVISION SHIPPING A/S","300000","534341","Denmark","DNK"
"Nct Offshore A/S","1000000","483551","Denmark","DNK"
"Norbunker A/S","75000","490710","Denmark","DNK"
"Nordic Bulk Carriers A/S","470000","","Denmark","DNK"
"NORIENT PRODUCT POOL APS","3000000","","Denmark","DNK"
"Ocean7 Chartering Aps","300000","549621","Denmark","DNK"
"PETER MADSEN REDERI A/S","210000","68084","Denmark","DNK"
"Rohde Nielsen A/S","8200000","262103","Denmark","DNK"
"ROYAL ARCTIC LINE A/S","2500000","","Denmark","DNK"
"SEA GLOBE MANAGEMENT AND","300000","","Denmark","DNK"
"Seago Line A/S","1000000","643768","Denmark","DNK"
"Seaside Navigation A/S","250000","195305","Denmark","DNK"
"Silver Sea TC A/S","700000","","Denmark","DNK"
"Stena Bulk A/S","1500000","303180","Denmark","DNK"
"Svendborg Bugser A/S","1000000","67740","Denmark","DNK"
"Swire Blue Ocean A/S","650000","","Denmark","DNK"
"T.K.B. Shipping A/S","600000","207097","Denmark","DNK"
"THORCO PROJECTS A/S","250000","638738","Denmark","DNK"
"Thorco Shipping A/S","2000000","253183","Denmark","DNK"
"Thornico AS","3000000","","Denmark","DNK"
"Torm A/S","15000000","16932","Denmark","DNK"
"Trithorn Bulk A/S","600000","511153","Denmark","DNK"
"Ultrabulk A/S","1000000","462383","Denmark","DNK"
"Unifeeder A/S/ United Shipping","2000000","","Denmark","DNK"
"UNIMED FEEDER SERVICES A/S","500000","","Denmark","DNK"
"Union Bulk A/S","600000","538308","Denmark","DNK"
"United Feeder Services L.P.","500000","","Denmark","DNK"
"United Marguisa Lines","500000","554799","Denmark","DNK"
"Weco Bulk A/S","500000","520527","Denmark","DNK"
"Weco Bulk A/S","20000000","520527","Denmark","DNK"
"WORLD MARINE OFFSHORE A/S","150000","445563","Denmark","DNK"
"Xo Shipping","500000","289914","Denmark","DNK"
"Bunker Partner OÜ","50000","","Estonia","EST"
"Stanley Services Ltd Ssl","180000","","Falkland Islands","FLK"
"P/F EFFO","1500000","","Faroe Islands","FRO"
"P/F Magn","8500000","","Faroe Islands","FRO"
"PF EFFO","14500000","","Faroe Islands","FRO"
"Containerships OYJ","3000000","","Finland","FIN"
"Esl Shipping Oy","330000","4983","Finland","FIN"
"Finnlines Oyj","750000","","Finland","FIN"
"Nordic Chartering Ltd","300000","533423","Finland","FIN"
"RAUMA CATA OY","150000","477358","Finland","FIN"
"Wasa Dredging OY Ltd","187000","179520","Finland","FIN"
"Alcatel Submarine Networks Marine SASU","1000000","287215","France","FRA"
"Biron & CIE","300000","","France","FRA"
"Cetragpool","750000","640315","France","FRA"
"Compagnie Du Ponant","200000","41554","France","FRA"
"Engie","3000000","531466","France","FRA"
"Envisan France SAS","1500000","","France","FRA"
"LD BULK","350000","251592","France","FRA"
"OMEGA BUNKER SNC Di","100000","","France","FRA"
"Shell","30000000","57461","France","FRA"
"Sucden Armateurs SAS","750000","488404","France","FRA"
"TOTAL E&P GUYANE","8000000","","French Guiana","GUF"
"Geostan Marine","500000","","Georgia","GEO"
"Alpha Reefer Transport GmbH","430000","81859","Germany","DEU"
"Aug. Bolten WM  Miller's Nachfolger (GmbH & Co) KG","500000","2022","Germany","DEU"
"Baltrader Schifffahrtsgesellschaft mbH & Co KG","500000","519265","Germany","DEU"
"BBC Chartering Carriers GmbH & Co. Kg","1600000","466343","Germany","DEU"
"BREB GmbH & Co. KG","300000","501966","Germany","DEU"
"Briese Chartering GmbH & Co. KG","12000000","208100","Germany","DEU"
"Bundesamt Fur Inffrastrukturur - Baiudbw","7400000","","Germany","DEU"
"Carl F. Peters GmbH & CO. KG","100000","27816","Germany","DEU"
"Citrosuco GmbH","1000000","495793","Germany","DEU"
"Compass Schifffahrtsgesellschaft mbH & Co. KG","400000","515202","Germany","DEU"
"DEUTSCHE CALPAM GMBH","2000000","55508","Germany","DEU"
"Deutsche Maxcom GmBH","3500000","267930","Germany","DEU"
"Deutsche-Calpam GmbH","5000000","55508","Germany","DEU"
"E-Ship 1 GmbH Co. KG","600000","493797","Germany","DEU"
"FRIEDRICH G. FROMMANN","250000","5699","Germany","DEU"
"GEFO Gesellschaft Für Oeltransporte MBH","3000000","","Germany","DEU"
"Hanseatic Bunker Services GmbH","2500000","55515","Germany","DEU"
"Hapag-Lloyd AG","70000000","6720","Germany","DEU"
"Harren Partner","5000000","516249","Germany","DEU"
"Heinrich Wegener & Sohn","150000","55492","Germany","DEU"
"Hoyer Marine Trading GmbH.","500000","547741","Germany","DEU"
"HUGO STINNES SCHIFFAHRT","250000","285642","Germany","DEU"
"IBT Bunkering & Trading","250000","55493","Germany","DEU"
"Marinekommando","500000","","Germany","DEU"
"MINCHART GmbH & Co. KG","500000","532488","Germany","DEU"
"Mlb Manfred Lauterjung","330000","90758","Germany","DEU"
"MS Charlie B Schifffahrts GmbH & Co. KG","100000","","Germany","DEU"
"NEU SEESCHIFFAHRT GMBH","500000","167686","Germany","DEU"
"Neu Seeschiffahrt GmbH","1100000","167686","Germany","DEU"
"Niels Hankiewicz Chartering GmbH","75000","267881","Germany","DEU"
"NSG Nordic Shipping GmbH","100000","194772","Germany","DEU"
"Oldendorff Carriers GmbH & Co KG","10000000","92587","Germany","DEU"
"Peter Doehle Schiffahrts KG Gmbh & Co","7500000","4214","Germany","DEU"
"PLANTOURS & PARTNER GMBH","350000","262447","Germany","DEU"
"Reederei Lehmann GmbH & Co. KG","50000","375623","Germany","DEU"
"REEDEREI NORD HOLDING C.V.","600000","","Germany","DEU"
"RHENUS MARITIME SERVICES","50000","13553","Germany","DEU"
"RWE SUPPLY & TRADING GMBH","6000000","270848","Germany","DEU"
"Rz Carrier","3500000","643707","Germany","DEU"
"Sal Heavy Lift GmbH","500000","47754","Germany","DEU"
"SIBUR International GmbH","500000","","Germany","DEU"
"TB Marine Shipmanagement GmbH & Co. KG","200000","388163","Germany","DEU"
"Thoresen Shipping Germany GmbH","2000000","","Germany","DEU"
"Uniper Global Commodities SE","5000000","446607","Germany","DEU"
"United Heavy lift GmbH","500000","497379","Germany","DEU"
"VOLKSWAGEN","750000","355083","Germany","DEU"
"Freight Force AG","2000000","","Germany/Switzerland","DEU"
"Oceana Shipping A.G.","500000","","Germany/Switzerland","DEU"
"Aims Shipping Corp","200000","439904","Greece","GRC"
"Alassia NewShips Management Inc.","350000","274709","Greece","GRC"
"Alkon Holding Inc","350000","73874","Greece","GRC"
"Alma Shipmanagement and Trading SA","100000","","Greece","GRC"
"Almi Marine Management SA","200000","51041","Greece","GRC"
"Almi Tankers SA","7500000","539469","Greece","GRC"
"Alpha Bulkers Shipmanagement Inc","8000000","473395","Greece","GRC"
"Altair Shipping and Trading Corp","350000","","Greece","GRC"
"Altomare SA","100000","176444","Greece","GRC"
"Andriaki Shipping Co Ltd","1500000","520586","Greece","GRC"
"ASTRA SHIPMANAGEMENT INC","250000","475591","Greece","GRC"
"Avin International Ltd.","5000000","1419","Greece","GRC"
"Baru Delta Maritime Ltd","200000","69250","Greece","GRC"
"BERNHARD SCHULTE","200000","284352","Greece","GRC"
"Blue Fin Tankers Inc","1000000","268144","Greece","GRC"
"Blue Planet Shipping Ltd","200000","96531","Greece","GRC"
"BRIGHT NAVIGATION INC","250000","173427","Greece","GRC"
"Bright Navigation Inc","200000","173427","Greece","GRC"
"British Bulkers Inc.","200000","128548","Greece","GRC"
"BULKSEAS MARINE","400000","435783","Greece","GRC"
"CAPE SHIPPING S.A.","350000","67068","Greece","GRC"
"Centrofin Management Inc.","500000","567589","Greece","GRC"
"Chandris (Hellas) Inc","500000","2927","Greece","GRC"
"COMMON PROGRESS","300000","3371","Greece","GRC"
"COSMOSHIP MANAGEMENT S.A","600000","94957","Greece","GRC"
"Cosmotrans Navigation SA. Marshall Islands","500000","292005","Greece","GRC"
"Cyprus Sea Lines Co.. Ltd.","1500000","505461","Greece","GRC"
"DALEX SHIPPING CO. S.A.","300000","3857","Greece","GRC"
"Delta Tankers Ltd","7000000","237555","Greece","GRC"
"DIANA SHIPPING SERVICES S.A.","500000","23055","Greece","GRC"
"Dynacom Tankers Management","15000000","48860","Greece","GRC"
"Eastern Mediterranean Maritime","1500000","36777","Greece","GRC"
"ELETSON CORPORATION","250000","6579","Greece","GRC"
"Empire Bulkers Ltd","100000","441661","Greece","GRC"
"ENESEL S.A.","1500000","106374","Greece","GRC"
"Enterprises Shipping & Trading","15000000","4848","Greece","GRC"
"EQUINOX MARITIME LTD","500000","179174","Greece","GRC"
"Eurotank Maritime Management SA","300000","79630","Greece","GRC"
"Eurotankers Inc","1200000","36853","Greece","GRC"
"FORTIUS SHIP MANAGEMENT","300000","44661","Greece","GRC"
"GASLOG LNG SERVICES L.T.D.","3000000","441254","Greece","GRC"
"GasLog LNG Services Ltd","50000000","441254","Greece","GRC"
"Gaslog LNG Services Ltd","9000000","441254","Greece","GRC"
"GLOBAL CRUISE LINES LTD","500000","255450","Greece","GRC"
"Global Maritime Group Inc.","1000000","261714","Greece","GRC"
"Goldenport Shipmanagement Ltd","500000","5825","Greece","GRC"
"GRECOMAR SHIPPING AGENCY","100000","6391","Greece","GRC"
"HALKIDON SHIPPING CORP.","500000","67810","Greece","GRC"
"Hellenic Tankers Co Ltd","1000000","589134","Greece","GRC"
"HORIZON TANKERS LTD S.A.","350000","245664","Greece","GRC"
"Hydroussa Navigation Ltd","1100000","524246","Greece","GRC"
"IMS OIL TRADING LTD","400000","195138","Greece","GRC"
"Interunity Management Corp.","1000000","7521","Greece","GRC"
"Iolcos Hellenic Maritime Enterprices","500000","","Greece","GRC"
"Kassian Maritime Ltd","500000","98187","Greece","GRC"
"KONKAR SHIPPING AGENCIES S.","250000","24580","Greece","GRC"
"Kyklades Maritime Corporation","1000000","51328","Greece","GRC"
"Larus SA","4000000","85405","Greece","GRC"
"Lavinia Corporation","8000000","181020","Greece","GRC"
"Lemar Shipping Inc.","300000","637238","Greece","GRC"
"Livanos NG Maritime Company","200000","","Greece","GRC"
"M/Maritime Corp","1000000","637307","Greece","GRC"
"Marine Trust Ltd","10000000","83016","Greece","GRC"
"Marmaras Navigation Ltd","3000000","9893","Greece","GRC"
"Meadway Shipping Trading Inc","5000000","","Greece","GRC"
"Medcare Shipping S.A.","150000","99585","Greece","GRC"
"NARVAL SHIPPING CORP.","250000","10932","Greece","GRC"
"Navina Maritime SA","2000000","85420","Greece","GRC"
"Neptune Lines Shipping &","1000000","176906","Greece","GRC"
"Ngm Energy SA","6000000","227116","Greece","GRC"
"NIOVIS SHIPPING CO. S.A.","800000","98967","Greece","GRC"
"OCEANGOLD TANKERS INC","200000","253263","Greece","GRC"
"P & P SHIPPING CO. (HELLAS) S.","320000","","Greece","GRC"
"PACIFIC & ATLANTIC","50000","69834","Greece","GRC"
"Paloma Shipping Corp","800000","490632","Greece","GRC"
"Pantheon Tankers Management Ltd","6000000","446950","Greece","GRC"
"PAVIMAR S.A.","200000","473893","Greece","GRC"
"Perosea Shipping Co SA","200000","12710","Greece","GRC"
"Pertanko Management SA","1000000","499945","Greece","GRC"
"PLEIADES SHIPPING AGENTS S.","250000","45579","Greece","GRC"
"PLUTOFYLAX SHIPPING","250000","165709","Greece","GRC"
"POLEMBROS SHIPPING LTD","1000000","12999","Greece","GRC"
"Product Shipping and Trading","500000","","Greece","GRC"
"Pyxis Maritime Corp","300000","260475","Greece","GRC"
"Roxana Shipping SA","5000000","73165","Greece","GRC"
"Samos Steamship","6000000","39977","Greece","GRC"
"SAMOS STEAMSHIP COMPANY","1000000","39977","Greece","GRC"
"Sea Traders SA","7000000","13997","Greece","GRC"
"Sea World Management Trading Inc","1050000","14769","Greece","GRC"
"SEAMAX MARINE INC","200000","651753","Greece","GRC"
"SeaWorld Management & Trading Inc","800000","","Greece","GRC"
"Signal Maritime Aframax Pool Ltd","500000","531301","Greece","GRC"
"SIGNAL MARITIME LTD","500000","476094","Greece","GRC"
"SPRING MARINE MANAGEMENT","150000","471838","Greece","GRC"
"STAR BULK MANAGEMENT INC","1500000","283098","Greece","GRC"
"STARBULK S.A.","1500000","265756","Greece","GRC"
"STEALTH MARITIME CORP. S.A.","400000","131552","Greece","GRC"
"Super-Eco Tankers Management","500000","69224","Greece","GRC"
"Swissmarine Corp. Ltd.","10000000","82751","Greece","GRC"
"Target Marine SA","1000000","638637","Greece","GRC"
"TEAM FUEL CORP","100000","128525","Greece","GRC"
"Technomar Shipping Inc.","450000","72708","Greece","GRC"
"Thenamaris (Ships Management)","2200000","3179","Greece","GRC"
"TMS BULKERS LTD","500000","43057","Greece","GRC"
"TMS Tankers Ltd","12000000","43057","Greece","GRC"
"TRADE FORTUNE INC.","150000","16267","Greece","GRC"
"Transmed Shipping Ltd.","1000000","17083","Greece","GRC"
"TRI BULK SHIPPING LTD","500000","462784","Greece","GRC"
"TSAKOS ENERGY NAVIGATION","500000","66731","Greece","GRC"
"UNIMAR SUCCESS SA","600000","279985","Greece","GRC"
"Victoria Oceanway Ltd","30000","263850","Greece","GRC"
"W MARINE INC","200000","270846","Greece","GRC"
"West African Marine SA","115000","482925","Greece","GRC"
"World Oil Trade Inc","725000","289917","Greece","GRC"
"All Profit Ship Magement Co Ltd","83000","","Hong Kong, S.A.R., China","HKG"
"Associated Maritime Co (HK) Ltd","350000","","Hong Kong, S.A.R., China","HKG"
"Ausca Shipping HK Limited","200000","","Hong Kong, S.A.R., China","HKG"
"Bao-Trans Enterprises Limited","3000000","","Hong Kong, S.A.R., China","HKG"
"BDH QUADRO MARINE LIMITED","300000","539663","Hong Kong, S.A.R., China","HKG"
"Beibu Gulf Holding (Hong Kong)","1200000","","Hong Kong, S.A.R., China","HKG"
"CA SHIPPING PTE. LIMITED","500000","561572","Hong Kong, S.A.R., China","HKG"
"Capital World Maritime Ltd.","600000","","Hong Kong, S.A.R., China","HKG"
"Chellaram Shipping (Hong Kong) Ltd","400000","","Hong Kong, S.A.R., China","HKG"
"Chimbusco Pan Nation Petro-Chemical Co.. Ltd.","1000000","270710","Hong Kong, S.A.R., China","HKG"
"Conti GMT Shipping Ltd","3000000","281449","Hong Kong, S.A.R., China","HKG"
"DHL PROJECT & CHARTERING","4000000","286347","Hong Kong, S.A.R., China","HKG"
"Dream Cruises Management Limited","800000","522274","Hong Kong, S.A.R., China","HKG"
"EGS (ASIA) LIMITED","200000","226857","Hong Kong, S.A.R., China","HKG"
"EXXON MOBIL CORPORATION","3000000","4468","Hong Kong, S.A.R., China","HKG"
"Exxon Mobil Corporation","13000000","4468","Hong Kong, S.A.R., China","HKG"
"FRatelli Cosulich Bunkers (Hong","1000000","302668","Hong Kong, S.A.R., China","HKG"
"Guodian Shipping (Hong Kong) Company Limited","950000","259126","Hong Kong, S.A.R., China","HKG"
"HONG KONG GOODWILL","200000","","Hong Kong, S.A.R., China","HKG"
"Hong Kong Ming Wah Shipping Co. Ltd","2000000","6533","Hong Kong, S.A.R., China","HKG"
"Huayang (Hong Kong) Shipping","500000","497175","Hong Kong, S.A.R., China","HKG"
"Interex Megaline Co Ltd","1500000","","Hong Kong, S.A.R., China","HKG"
"JIARONG MARINE (HK) CO LTD","150000","278364","Hong Kong, S.A.R., China","HKG"
"Kunlun Trading Co. Limited","2800000","505146","Hong Kong, S.A.R., China","HKG"
"New Sailing Shipping (HK) Limited","240000","444425","Hong Kong, S.A.R., China","HKG"
"NOVA PETROLEUM (HK) LTD","200000","","Hong Kong, S.A.R., China","HKG"
"Ocean Base Shipping (Hong Kong) Limited","2000000","","Hong Kong, S.A.R., China","HKG"
"Oceanways Shipping Limited","2850000","","Hong Kong, S.A.R., China","HKG"
"Pacific Basin Chartering Limited","2500000","285815","Hong Kong, S.A.R., China","HKG"
"Pacific Basin Shipping (Hk)Ltd","1000000","111309","Hong Kong, S.A.R., China","HKG"
"Perfect Bulk Limited","1000000","559429","Hong Kong, S.A.R., China","HKG"
"Pioneer Holdings Ltd","300000","527482","Hong Kong, S.A.R., China","HKG"
"PT Indofuels Limited","300000","496648","Hong Kong, S.A.R., China","HKG"
"Reachy International (HK) Co Ltd","300000","","Hong Kong, S.A.R., China","HKG"
"RIZHAO PORT (HONG KONG)","500000","290988","Hong Kong, S.A.R., China","HKG"
"SEA TRADER INTERNATIONAL","500000","55617","Hong Kong, S.A.R., China","HKG"
"Seacon Shipping Co Ltd","800000","194978","Hong Kong, S.A.R., China","HKG"
"Seatrans Solution Limited","300000","546644","Hong Kong, S.A.R., China","HKG"
"STAR CRUISES (HK) LTD","400000","","Hong Kong, S.A.R., China","HKG"
"U-Ming Marine Transport HK","500000","","Hong Kong, S.A.R., China","HKG"
"VQSV Shipping Limited c/o Axion Energy Corporation","300000","","Hong Kong, S.A.R., China","HKG"
"Wisco Shipping Co Ltd","1000000","281546","Hong Kong, S.A.R., China","HKG"
"Yangtze Navigation (Hong Kong) Co Ltd","500000","","Hong Kong, S.A.R., China","HKG"
"Zeno Shipping Management Co. Limited","0","515785","Hong Kong, S.A.R., China","HKG"
"Eimskipafelag Islands Ehf","7500000","","Iceland","ISL"
"Festi HF","2500000","","Iceland","ISL"
"Oliuverslun Islands HF Iceland Oil","2500000","","Iceland","ISL"
"Samherji Hf","3000000","","Iceland","ISL"
"SAMSKIP HF","3000000","","Iceland","ISL"
"Skeljungur HF","3000000","55808","Iceland","ISL"
"Aban Offshore Limited","700000","159996","India","IND"
"Best Oasis Limited","200000","468459","India","IND"
"Global Offshore Services BV","325000","5941","India","IND"
"Hindustan Petroleum Corp Ltd.","1500000","55228","India","IND"
"Indian Oil Corporation Ltd","1000000","55230","India","IND"
"LMCS Maritime Pvt Ltd","500000","","India","IND"
"Mohan Mutra Exports","200000","","India","IND"
"Reliance Industries Ltd","5000000","38538","India","IND"
"S S Offshore Private Limited","150000","427604","India","IND"
"Shreyas Shipping and Logistics","400000","","India","IND"
"SURYA EXIM LIMITED","300000","646675","India","IND"
"The Great Eastern Shipping Company Ltd","1200000","5789","India","IND"
"The Shipping Corporation of India","3100000","13832","India","IND"
"Ultratech Cement Limited","200000","264181","India","IND"
"Bintang Subsea Indonesia PT","360000","","Indonesia","IDN"
"Chandra Asri Petrochemical PT","1000000","195192","Indonesia","IDN"
"P.T. CHANDRA ASRI","800000","","Indonesia","IDN"
"Petrokimia Butadiene Indonesia PT","175000","","Indonesia","IDN"
"PT Energy Transporter Indonesia","2000000","","Indonesia","IDN"
"PT Meratus Line","500000","10161","Indonesia","IDN"
"PT Pertamina (Persero)","2000000","12724","Indonesia","IDN"
"PT Prayasa Indo Mitra Sarana","400000","","Indonesia","IDN"
"PT Salam Pacific Indonesia Lines","500000","14819","Indonesia","IDN"
"PT Tanto Intim Line","1000000","","Indonesia","IDN"
"PT Waruna Nusa Sentana","250000","147341","Indonesia","IDN"
"PT. CAHAYA PERDANA TRANS","250000","254386","Indonesia","IDN"
"PT. LUMOSO PRATAMA LINE","700000","264158","Indonesia","IDN"
"PT. SAMUDERA ENERGI","300000","468491","Indonesia","IDN"
"PT. SOECHI LINES TBK","2000000","484236","Indonesia","IDN"
"PT. STYRINDO MONO","300000","","Indonesia","IDN"
"TRANSCOAL PACIFIC. PT","800000","328263","Indonesia","IDN"
"D'Amico Dry Designated Activity Company","3000000","","Ireland","IRL"
"Dead Sea Works Ltd. Supply","1000000","","Israel","ISR"
"INTERGLOBAL SHIPPING 3001","200000","204526","Israel","ISR"
"ORL Trading Ltd","2000000","493610","Israel","ISR"
"Zim Integrated Marine Services Ltd","0","","Israel","ISR"
"Alpha Trading S.p.A.","200000","60318","Italy","ITA"
"Asaro Matteo Cosimo Vincenzo","200000","99191","Italy","ITA"
"BARONE SHIPPING COMPANY S.","100000","283199","Italy","ITA"
"ENEL GLOBAL TRADING S.P.A.","1500000","","Italy","ITA"
"ENEL PRODUZIONE S.P.A.","1500000","","Italy","ITA"
"ENI SpA","500000","479198","Italy","ITA"
"Finbeta Spa","150000","1850","Italy","ITA"
"Fratelli Cosulich Spa","7500000","271003","Italy","ITA"
"GRIMALDI DEEP SEA S.P.A.","5000000","44592","Italy","ITA"
"GRIMALDI EUROMED S.P.A.","2000000","1342","Italy","ITA"
"Grimaldi group Spa","11000000","6432","Italy","ITA"
"Ignazio Messina C Spa","1200000","10236","Italy","ITA"
"Marnavi SpA","2000000","9894","Italy","ITA"
"Morfini SpA","500000","10566","Italy","ITA"
"NAVIGAZIONE MONTANARI S.P.","500000","10707","Italy","ITA"
"New Sea Generation S.R.L.","300000","541680","Italy","ITA"
"PISANO BUNKER S.R.L.","300000","311484","Italy","ITA"
"Prysmian Powerlink SRL","5000000","256381","Italy","ITA"
"Tarros SPA","1200000","295229","Italy","ITA"
"Daiichi Chuo Kisen Kaisha","250000","3726","Japan","JPN"
"Daitoh Trading Co Ltd","2250000","3848","Japan","JPN"
"Eihou Shoun Limited","100000","","Japan","JPN"
"GYXIS Corporation","2000000","481230","Japan","JPN"
"ITOCHU ENEX CO LTD","2500000","258275","Japan","JPN"
"JAPAN TUNA FISHERIES","1400000","551011","Japan","JPN"
"Jxtg Nippon Oil Energy Corporation","32000000","","Japan","JPN"
"KANEMATSU CORPORATION","500000","576950","Japan","JPN"
"Kawasaki Kisen Kaisha Ltd (K Line)","10000000","542241","Japan","JPN"
"Marubeni Petroleum Co Ltd","15000000","55575","Japan","JPN"
"MARUBENI PETROLEUM CO..","4000000","55575","Japan","JPN"
"Mitsui O.S.K. Lines Ltd","2000000","579277","Japan","JPN"
"Mitsui OSK Kinkai Ltd. aka Shosen","2000000","","Japan","JPN"
"Mitsui OSK Lines Ltd","7000000","599342","Japan","JPN"
"NITTSU SHOJI CO LTD","500000","","Japan","JPN"
"NYK TRADING CORPORATION","300000","221236","Japan","JPN"
"Riviera Marine Agent Doubleight","300000","","Japan","JPN"
"Sinanen Co. Ltd.","400000","601961","Japan","JPN"
"TENSOU CO LTD AKA TENSOU","500000","","Japan","JPN"
"Toei Reefer Line Ltd","650000","16824","Japan","JPN"
"Lahham Livestock Meat Trading Company","60000","","Jordan","JOR"
"Bahrain Bulk Trade Co Ltd Wll","150000","19547","Kingdom of Bahrain","BHR"
"Arab Maritime Petroleum Transport Co.","2300000","80","Kuwait","KWT"
"Kuwait Petroleum Corporation","2000000","56321","Kuwait","KWT"
"METF BUNKER SERVICES SAL","50000","221192","Lebanon","LBN"
"Swiss shipping Line SAL","350000","646804","Lebanon","LBN"
"Alcyone International Marine Inc.","300000","473213","Liberia","LBR"
"Blue Wave Shipping Inc","80000","22059","Liberia","LBR"
"Charm Marine Company Limited","900000","481591","Liberia","LBR"
"Chevron Transport Corp Ltd","6000000","2511","Liberia","LBR"
"DIAMOND BULK CARRIERS PTE.","1000000","34174","Liberia","LBR"
"Flame SA","500000","653733","Liberia","LBR"
"FORMOSA PLASTICS MARINE","8500000","536843","Liberia","LBR"
"LANGLOIS ENTERPRISES LTD","700000","522567","Liberia","LBR"
"Langlois Enterprises Ltd","800000","522567","Liberia","LBR"
"MYKONOS SHIPPING CO. LTD","800000","10685","Liberia","LBR"
"Petros Shipmanagement SA","1000000","254435","Liberia","LBR"
"Roswell Tankers Corp","250000","342643","Liberia","LBR"
"SEA GATE NAVIGATION LTD","200000","266042","Liberia","LBR"
"Star Tankers Inc Trust Company","1000000","","Liberia","LBR"
"CLDN Ro Ro SA","750000","292300","Luxembourg","LUX"
"DEME","3000000","559871","Luxembourg","LUX"
"Sofidra SA","5000000","283969","Luxembourg","LUX"
"Fratelli Cosulich Unipessoal SA","1000000","274466","Madeira","PMD"
"BENZMARK DEVELOPMENT (M)","500000","486575","Malaysia","MYS"
"CESSNETE SDN BHD","100000","","Malaysia","MYS"
"Diamond Offshore Drilling SDN","1800000","","Malaysia","MYS"
"Green Aim SDN. BHD.","600000","","Malaysia","MYS"
"Jasa Merin (Malaysia) Sdn Bhd","350000","","Malaysia","MYS"
"Marineco Ltd","25000","234660","Malaysia","MYS"
"Pacific Inter-Link Sdn Bhd","450000","","Malaysia","MYS"
"PETRONAS LNG LTD.","2000000","539443","Malaysia","MYS"
"Sapura Offshore Sdn Bhd","2800000","","Malaysia","MYS"
"SK Offshore Marine Sdn Bhd","40000","","Malaysia","MYS"
"Three L. Inc","150000","478180","Malaysia","MYS"
"STATE TRADING ORGANISATION","800000","","Maldives","MDV"
"Admiral Container Lines Inc. Ltd","350000","283447","Malta","MLT"
"Calamity Jane Transport Chartering","300000","486620","Malta","MLT"
"Euroafrica Shipping Lines Limited","500000","644078","Malta","MLT"
"Hansa Shipping Ltd","250000","448803","Malta","MLT"
"IONIC SHIPPING (MGT) INC","500000","36895","Malta","MLT"
"Msco Global Ltd","200000","513483","Malta","MLT"
"Navibulgar Shipping Ltd","4000000","515057","Malta","MLT"
"UML","2000000","493736","Malta","MLT"
"Aquavita International S.A","2000000","484200","Marshall Islands","MHL"
"D. & S. SHIPMANAGEMENT SA","300000","333852","Marshall Islands","MHL"
"DIAMOND OFFSHORE","900000","470602","Marshall Islands","MHL"
"Emil Selmer Shipping Limited","125000","502259","Marshall Islands","MHL"
"GPO Amethyst Limited","2000000","502311","Marshall Islands","MHL"
"HANYU CO LTD","750000","516534","Marshall Islands","MHL"
"MOHAR SHIPPING","300000","569650","Marshall Islands","MHL"
"Oldstone Holding Ltd","200000","","Marshall Islands","MHL"
"OVERSEAS MARINE","300000","533489","Marshall Islands","MHL"
"Skopelos Drillship","600000","303776","Marshall Islands","MHL"
"SMT Cementships Investment Ltd","800000","501098","Marshall Islands","MHL"
"Sterling Ocean Shipping II LLC","500000","447345","Marshall Islands","MHL"
"Sterling Ocean Shipping III LLC","500000","453203","Marshall Islands","MHL"
"TMA Bulk Pool Inc.","2000000","522631","Marshall Islands","MHL"
"Union Maritime Limited","100000","515631","Marshall Islands","MHL"
"Universal Solutions Group LLC","1000000","563284","Marshall Islands","MHL"
"VARCO S.A.","200000","482227","Marshall Islands","MHL"
"Gremex Shipping","200000","103416","Mexico","MEX"
"Hoteles Dinamicos Sa Vidanta","500000","","Mexico","MEX"
"C Transport Holding Ltd","1000000","495085","Monaco","MCO"
"Classic Maritime Inc","1300000","635177","Monaco","MCO"
"Delta Carriers SA","300000","496433","Monaco","MCO"
"Ocean Energy Limited","1500000","35373","Monaco","MCO"
"Oil Expertise and Shipping SAM","150000","","Monaco","MCO"
"RUDDER SAM","125000","222135","Monaco","MCO"
"SAFE BULKERS INC.","1000000","269313","Monaco","MCO"
"V SHIPS LEISURE SAM V SHIPS","500000","","Monaco","MCO"
"Ace Quantum Chemical Tankers C.V.","1250000","485010","Netherlands","NLD"
"Ace Tankers CV","3500000","270858","Netherlands","NLD"
"Alliance Tanker Management","250000","615142","Netherlands","NLD"
"ARGO CORAL MARITIME","100000","487175","Netherlands","NLD"
"Atlantic Aardolieproducten Maatschappij BV","500000","55438","Netherlands","NLD"
"Biglift Holding B.V.","500000","473686","Netherlands","NLD"
"Boskalis International BV","200000","204218","Netherlands","NLD"
"BreadBox Shipping Lines BV","50000","211724","Netherlands","NLD"
"CAPELLE CHARTERING","200000","2629","Netherlands","NLD"
"CARA SHIPPING PTE. LIMITED","1500000","180468","Netherlands","NLD"
"CHEMSHIP B.V.","100000","195728","Netherlands","NLD"
"COOPERATIE VOOR DE","2000000","","Netherlands","NLD"
"DC Dredging BV","250000","488536","Netherlands","NLD"
"De Poli Tankers BV","310000","","Netherlands","NLD"
"DUTCH MARINE CONTRACTORS","50000","485320","Netherlands","NLD"
"Fugro NV","15000000","177910","Netherlands","NLD"
"Hartmann","5000000","75464","Netherlands","NLD"
"Jumbo Shipping VoF","1000000","273877","Netherlands","NLD"
"LONGSHIP","1500000","483547","Netherlands","NLD"
"Marine Survey Contractors NV","300000","","Netherlands","NLD"
"MUR Shipping BV","16000000","532771","Netherlands","NLD"
"Nile Dutch Africa Line B.V.","100000","117544","Netherlands","NLD"
"OSR Rotterdam BV","500000","43955","Netherlands","NLD"
"Q-Shipping B.V.","500000","86859","Netherlands","NLD"
"ROVA MARITIEM B.V.","250000","297918","Netherlands","NLD"
"SAMSKIP MULTIMODAL B.V.","1000000","604253","Netherlands","NLD"
"Schulte & Bruns Nederland BV","50000","303074","Netherlands","NLD"
"Shell Trading Rotterdam B.V.","1000000","303075","Netherlands","NLD"
"Shell Western LNG B.V.","1000000","275109","Netherlands","NLD"
"SHL Offshore Contractors B.V.","2000000","","Netherlands","NLD"
"SHV Gas Supply & Risk","1000000","","Netherlands","NLD"
"Solitaire Transport Chartering NV","750000","","Netherlands","NLD"
"Spliethoff's Bevrachtingskantoor B.","2330000","15669","Netherlands","NLD"
"Unigas International BV","900000","303102","Netherlands","NLD"
"UNIGAS INTERNATIONAL. INC.","250000","303102","Netherlands","NLD"
"UNIVERSAL AFRICA LINES","400000","653598","Netherlands","NLD"
"Van Oord Ship Management B.V.","700000","215831","Netherlands","NLD"
"Vitol Sa","5000000","285621","Netherlands","NLD"
"Vroon Group","7500000","353963","Netherlands","NLD"
"Vroon Shipping BV","7500000","","Netherlands","NLD"
"Wagenborg Shipping BV","300000","18024","Netherlands","NLD"
"Aker Biomarine Antarctic As","4000000","468981","Norway","NOR"
"Akofs 2 AS","700000","479807","Norway","NOR"
"Bergen Bunkers AS","800000","538850","Norway","NOR"
"Boa Ocv AS","400000","336043","Norway","NOR"
"Bryggen Shipping International AS","500000","287982","Norway","NOR"
"BW Green Carriers AS","3000000","","Norway","NOR"
"BW Green Transport AS","1000000","","Norway","NOR"
"Color Line AS","2000000","297675","Norway","NOR"
"DFDS Logistics AS","500000","9352","Norway","NOR"
"DOF ASA","6000000","67876","Norway","NOR"
"Dof Management As","500000","190605","Norway","NOR"
"DOF REDERI AS","2000000","172565","Norway","NOR"
"DOF Subsea Norway AS","600000","251966","Norway","NOR"
"EIMSKIP NORWAY AS","1000000","258928","Norway","NOR"
"Equinor ASA","6000000","11473","Norway","NOR"
"Equinor Metanol ANS","2000000","","Norway","NOR"
"Equinor SA","7000000","11473","Norway","NOR"
"Forsvaret - Forsvarsmateriell","6500000","","Norway","NOR"
"FRED. OLSEN WINDCARRIER","300000","316944","Norway","NOR"
"G2 Ocean AS","12000000","496094","Norway","NOR"
"G2 Ocean AS","750000","496094","Norway","NOR"
"GC Rieber Shipping AS","400000","562093","Norway","NOR"
"Gecoship AS","600000","","Norway","NOR"
"GLOMMEN BUNKERSERVICE AS","1000000","","Norway","NOR"
"Gulfmark Rederi AS","200000","","Norway","NOR"
"Hansa Tankers AS","1000000","303199","Norway","NOR"
"Havforskningsinstituttet","300000","228112","Norway","NOR"
"Havforskningsinstituttet","600000","228112","Norway","NOR"
"Hoegh Autoliners AS","8000000","488317","Norway","NOR"
"Hoyerpool AS","50000","","Norway","NOR"
"Hurtigruten Cruise AS","1250000","","Norway","NOR"
"HØYERGRUPPEN AS","300000","","Norway","NOR"
"K Line Offshore As","3000000","259029","Norway","NOR"
"Klaveness Chartering AS","500000","28149","Norway","NOR"
"Kristian Gerhard Jebsens","500000","","Norway","NOR"
"Misje Rederi AS","50000","44507","Norway","NOR"
"MYKLEBUSTHAUG","640000","555369","Norway","NOR"
"NAT Chartering Limited","1000000","244226","Norway","NOR"
"Nexans Norway AS","3000000","174128","Norway","NOR"
"NORBROKER SHIPPING","500000","66131","Norway","NOR"
"Norcem As","2000000","34439","Norway","NOR"
"ODFJELL DRILLING AS","1000000","34356","Norway","NOR"
"Odfjell Tankers AS","750000","141122","Norway","NOR"
"Pgs Geophysical As","1000000","210921","Norway","NOR"
"Saga Subsea AS","500000","","Norway","NOR"
"Saga Welco AS","150000","105129","Norway","NOR"
"Saipem Offshore Norway AS","4000000","414683","Norway","NOR"
"SDK Chartering AS","50000","","Norway","NOR"
"Seadrill Management","6000000","427564","Norway","NOR"
"Shearwater Geoservices AS","500000","529692","Norway","NOR"
"Siem Offshore Rederi As","150000","646100","Norway","NOR"
"Simon Møkster Shipping AS","3000000","","Norway","NOR"
"Solvang ASA","1000000","24699","Norway","NOR"
"STANDARD MARINE TØNSBERG","3000000","","Norway","NOR"
"Stenersen Chartering AS","500000","562368","Norway","NOR"
"Stenoil KS","1000000","174718","Norway","NOR"
"Stenship KS","1000000","","Norway","NOR"
"Stentank AS","500000","110657","Norway","NOR"
"Stiftelsen Christian Radich","50000","47209","Norway","NOR"
"SVALBARD LUFTHAVN AS","20000000","","Norway","NOR"
"SWIRE SEABED SHIPPING AS","1000000","470119","Norway","NOR"
"Swiss Singapore Overseas","1000000","","Norway","NOR"
"Tronds Marine Service AS","600000","497584","Norway","NOR"
"West Supply II Operation AS","315000","601667","Norway","NOR"
"Western Bulk Carriers AS","1500000","85250","Norway","NOR"
"Western Bulk Chartering AS","1500000","478116","Norway","NOR"
"Oman Ship Management Company S.A.O.C","1000000","","Oman","OMN"
"Oman Shipping Company","15000000","","Oman","OMN"
"Asphaltos Trade SA","400000","268209","Panama","PAN"
"EFSHIPPING CO. S.A. PANAMA","350000","","Panama","PAN"
"FAFALIOS SHIPPING S.A.","500000","5229","Panama","PAN"
"Marblue Shipping Company SA","300000","534558","Panama","PAN"
"ORIENT EXPRESS LINES","1000000","368623","Panama","PAN"
"WATERFRONT SHIPPING","2000000","179931","Panama","PAN"
"Win Shipping Co Limited","500000","316363","Panama","PAN"
"AMC International Holdings Limited","1000000","652905","People's Republic of China","CHN"
"Asia Maritime Pacific (Shanghai) Limited","7200000","","People's Republic of China","CHN"
"Beibu Gulf Holding","3700000","640021","People's Republic of China","CHN"
"BGP Inc.. China National Petroleum","400000","548003","People's Republic of China","CHN"
"CCCC INTERNATIONAL","1200000","347304","People's Republic of China","CHN"
"CHINA NATIONAL CHARTERING","1800000","196326","People's Republic of China","CHN"
"China National Offshore Oil Corp","3000000","45130","People's Republic of China","CHN"
"China National Petroleum Corporation","7500000","194055","People's Republic of China","CHN"
"China Shipping (Singapore)","10000000","","People's Republic of China","CHN"
"China United Lines Ltd.","320000","222397","People's Republic of China","CHN"
"Chinese Polish Joint Stock Shipping Company","7500000","2487","People's Republic of China","CHN"
"Cross Ocean Shipping Ltd","1000000","291299","People's Republic of China","CHN"
"Dalian Chun'an Ship Management Co. Ltd","1300000","174429","People's Republic of China","CHN"
"Dandong Shipping Group Co.. Ltd","100000","180975","People's Republic of China","CHN"
"EAS INTERNATIONAL SHIPPING","500000","193564","People's Republic of China","CHN"
"Fujian Guohang Ocean Shipping","1000000","253482","People's Republic of China","CHN"
"FUJIAN OCEAN SHIPPING","320000","636396","People's Republic of China","CHN"
"FUJIAN SHIPPING COMPANY","1000000","480318","People's Republic of China","CHN"
"GNG Ocean Shipping Co. Ltd.","300000","290131","People's Republic of China","CHN"
"GOLDEN BRICKS SHIPPING PTE","200000","636657","People's Republic of China","CHN"
"GUANGDONG DAPENG LNG","500000","232758","People's Republic of China","CHN"
"Guangzhou Salvage Bureau","1200000","29158","People's Republic of China","CHN"
"LEADING RESOURCES (HONG","2000000","302845","People's Republic of China","CHN"
"LONGSEA MARINE CO.. LIMITED","100000","290852","People's Republic of China","CHN"
"MINMETALS SHIPPING","1000000","637455","People's Republic of China","CHN"
"Mintrans Limited","500000","268155","People's Republic of China","CHN"
"Nanjing Ocean Shipping Co Ltd","700000","205585","People's Republic of China","CHN"
"Ningbo Donghai Shipping Co ltd","700000","207430","People's Republic of China","CHN"
"Ningbo Lionteam Shipping Co Ltd","250000","347040","People's Republic of China","CHN"
"Pacific Bulk Panamax Company limited","7500000","637727","People's Republic of China","CHN"
"Pacific Bulk Supramax Company limited","2100000","637737","People's Republic of China","CHN"
"Precious Charm Limited","500000","651524","People's Republic of China","CHN"
"Qingdao Zhongtai Oceanic Fisheries Co. Ltd","280000","505797","People's Republic of China","CHN"
"Shandong Blue Ocean Fishery Co Ltd","2800000","559954","People's Republic of China","CHN"
"SHANGHAI HONGFA SHIPPING","500000","325463","People's Republic of China","CHN"
"SHANGHAI RUN YUAN SHIPPING","500000","472504","People's Republic of China","CHN"
"Shanghai Time Shipping Co Ltd","270000","181134","People's Republic of China","CHN"
"Shanghai Zhenhua Shipping Co Ltd","450000","97340","People's Republic of China","CHN"
"SHENZHEN ENERGY","1000000","309405","People's Republic of China","CHN"
"SHENZHEN SHEKOU SHIPPING","300000","36376","People's Republic of China","CHN"
"Shidao Group Co. Ltd","300000","525847","People's Republic of China","CHN"
"Sino East Transportation Limited","2500000","274013","People's Republic of China","CHN"
"Sinotrans Container Lines Co Ltd","250000","565566","People's Republic of China","CHN"
"Sinotrans CSC Holdings Co Ltd","28000000","578977","People's Republic of China","CHN"
"SITC CONTAINER LINES","3000000","71399","People's Republic of China","CHN"
"Suns International Shipping Co Ltd","300000","315744","People's Republic of China","CHN"
"Xianglong Shipping Company","300000","595353","People's Republic of China","CHN"
"YANGTZE NAVIGATION","500000","650214","People's Republic of China","CHN"
"Yangtze Navigation (Asia) Co.. Ltd","500000","650214","People's Republic of China","CHN"
"Yun Xing Shipping Co Limited","100000","214012","People's Republic of China","CHN"
"Repsol Trading SA","2000000","471410","Peru","PER"
"Vooil Ltd","150000","638979","Peru","PER"
"PETRON CORPORATION","2000000","55142","Philippines","PHL"
"THE PHILODRILL CORPORATION","600000","","Philippines","PHL"
"Polska zegluga Morska PP","3500000","12284","Poland","POL"
"Vestland Marine Spolka z.o.o.","250000","172901","Poland","POL"
"ZEGLUGA GDANSKA SP. Z O.O.","0","18590","Poland","POL"
"Atlantikaromas LDA","1100000","592053","Portugal","PRT"
"BORUS TRANSPORTES","300000","624260","Portugal","PRT"
"Navesco SA","300000","541186","Portugal","PRT"
"Pombo LDA","350000","280702","Portugal","PRT"
"PORTLINE CONTAINERS","1000000","","Portugal","PRT"
"Rebonave - Reboques e Assistencia Naval SA","100000","80903","Portugal","PRT"
"Saipem (Portugal) Comercio Maritimo. Sociedade Unipessoal. Lda","5000000","","Portugal","PRT"
"Saipem(Portugal) Com. Maritimo","1000000","","Portugal","PRT"
"Qatar Navigation Company a/t/a","750000","","Qatar","QAT"
"Tankerska Next Generation International Ltd","1000000","653360","Republic of Croatia","HRV"
"Tankerska Plovidba International Ltd","500000","638530","Republic of Croatia","HRV"
"Arte Bunkering OU","250000","282414","Republic of Estonia","EST"
"Raduga Shipping and Trading OU","100000","542242","Republic of Estonia","EST"
"Peninsula Petroleum Limited","2000000","653262","Republic of Ireland","IRL"
"BK Shipping Co Ltd","300000","540627","Republic of Korea","KOR"
"C&S ENERGY CO LTD","300000","","Republic of Korea","KOR"
"Chimbusco Korea Co Ltd","300000","266677","Republic of Korea","KOR"
"Daelim Corp","3000000","653774","Republic of Korea","KOR"
"Daewoo Logistics Corp","2000000","181433","Republic of Korea","KOR"
"Dooyang Limited","100000","206410","Republic of Korea","KOR"
"DYNAMIC OIL SOLUTION CO..","100000","290318","Republic of Korea","KOR"
"E BUNKER TRADE CO LTD","250000","221106","Republic of Korea","KOR"
"EMC GAS COPROPATION","500000","","Republic of Korea","KOR"
"H-LINE SHIPPING CO LTD","1500000","472901","Republic of Korea","KOR"
"HANSUNG LINE CO.. LTD.","750000","616991","Republic of Korea","KOR"
"HMM Company Limted","7500000","","Republic of Korea","KOR"
"Hyundai Glovis Co. Ltd.","5000000","251205","Republic of Korea","KOR"
"Hyundai Ocean Service Co. Ltd","420000","529946","Republic of Korea","KOR"
"INFICESS SHIPPING CO. LTD","100000","289963","Republic of Korea","KOR"
"Jeil International Co. Ltd","400000","472738","Republic of Korea","KOR"
"Keum Yang Shipping Co Ltd","150000","8272","Republic of Korea","KOR"
"Korea Line Corp.","2000000","8516","Republic of Korea","KOR"
"KOREA MARINE TRANSPORT CO","1500000","538078","Republic of Korea","KOR"
"Korea Shipping Corporation","2300000","65540","Republic of Korea","KOR"
"NYK Bulkship (Korea) Co. Ltd.","1000000","233354","Republic of Korea","KOR"
"Ocean Eleven Shipping Co.. Ltd","75000","233941","Republic of Korea","KOR"
"Panoco Korea Co Ltd","2000000","55496","Republic of Korea","KOR"
"PETRO OCEAN TRADING CO","400000","268559","Republic of Korea","KOR"
"Petro-Ocean Trading Co.Ltd","900000","268559","Republic of Korea","KOR"
"Posco Daewoo Corporation","2500000","","Republic of Korea","KOR"
"Posco International Corporation","2000000","281457","Republic of Korea","KOR"
"SAEHAN MARINE CO.. LTD.","1000000","482974","Republic of Korea","KOR"
"Sajo Industries Co Ltd","300000","14088","Republic of Korea","KOR"
"Sammok Shipping Co. Ltd","1700000","109312","Republic of Korea","KOR"
"Sea Light Korea Corp","150000","643764","Republic of Korea","KOR"
"Seong Ho Shipping CO LTD","600000","65578","Republic of Korea","KOR"
"SM Line Corporation","4000000","492297","Republic of Korea","KOR"
"SSANGYONG CEMENT","600000","","Republic of Korea","KOR"
"SUNWOO TANKER CO.. LTD.","400000","303919","Republic of Korea","KOR"
"Taiyoung Shipping Co Ltd","600000","16368","Republic of Korea","KOR"
"Unico Logistics Co LTD","2000000","286922","Republic of Korea","KOR"
"WOOJIN SHIPPING CO LTD","300000","598288","Republic of Korea","KOR"
"Blue Sea Fishing Company Pty Ltd","1300000","49358","Republic of Namibia","NAM"
"Adani Global Pte Ltd","2400000","","Republic of Singapore","SGP"
"Aeromic Shipping (S) Pte Ltd","300000","80366","Republic of Singapore","SGP"
"AET Tankers Pte Ltd","7000000","17188","Republic of Singapore","SGP"
"Afri-Bulk Navigation Pte Ltd","250000","","Republic of Singapore","SGP"
"Amarante Shipping Pte Ltd","270000","267120","Republic of Singapore","SGP"
"Apl Co Pte Ltd","4000000","","Republic of Singapore","SGP"
"Approved Energy (Singapore) Pte Ltd","100000","","Republic of Singapore","SGP"
"Asean Cableship Pte Ltd","880000","70063","Republic of Singapore","SGP"
"ASIAD ENTERPRISE PTE. LTD.","60000","499535","Republic of Singapore","SGP"
"ASIAN LIFT PTE LTD","550000","50830","Republic of Singapore","SGP"
"Aurora Tankers International Ltd","500000","285786","Republic of Singapore","SGP"
"Aurora Tankers Management Pte.","500000","284409","Republic of Singapore","SGP"
"Bainbridge Navigation Private Limited","500000","587554","Republic of Singapore","SGP"
"Bainbridge Navigation Pte Ltd","500000","","Republic of Singapore","SGP"
"Baltnav Singapore Pte Ltd","1000000","","Republic of Singapore","SGP"
"Bay Crest Management Pte Ltd","600000","502108","Republic of Singapore","SGP"
"BERGE BULK SHIPPING PTE LTD","1000000","502282","Republic of Singapore","SGP"
"Bostomar Shipping Pte Ltd","300000","","Republic of Singapore","SGP"
"BP SINGAPORE PTE LIMITED","2000000","","Republic of Singapore","SGP"
"Britoil Offshore Services Pte Ltd","150000","","Republic of Singapore","SGP"
"BTS Tankers Pte Ltd","700000","247031","Republic of Singapore","SGP"
"Cathay Marine Fuel Oil Trading Pte Ltd","13000000","221078","Republic of Singapore","SGP"
"CATTLE LINE TWO PTE. LTD.","150000","302457","Republic of Singapore","SGP"
"Centennial Asia Shipping Private","500000","483591","Republic of Singapore","SGP"
"CH OFFSHORE LTD","200000","129704","Republic of Singapore","SGP"
"Chemoil Monde-Export Mondex","400000","","Republic of Singapore","SGP"
"Cheng Xin Chartering Pte Ltd","1000000","652978","Republic of Singapore","SGP"
"Chevron Asia Pacific Shipping Pte","1000000","483946","Republic of Singapore","SGP"
"CLDN Cobelfret Pte Ltd","1500000","","Republic of Singapore","SGP"
"CLEARLAKE SHIPPING PTE. LTD.","7000000","197178","Republic of Singapore","SGP"
"Cockett Marine Oil (Asia) PTE. Ltd.","1000000","468728","Republic of Singapore","SGP"
"COSCO Shipping (Singapore) Petroleum Pte. Ltd","75000000","","Republic of Singapore","SGP"
"DAVA PTE LTD","320000","634917","Republic of Singapore","SGP"
"Deep Drilling 1 Pte Ltd","200000","237068","Republic of Singapore","SGP"
"Diamond Gas International Pte. Ltd.","1000000","503440","Republic of Singapore","SGP"
"DOF Subsea Asia Pacific Pte Ltd","220000","","Republic of Singapore","SGP"
"DOW CHEMICAL PACIFIC PTE","300000","","Republic of Singapore","SGP"
"Dredging International Asia Pacific","1000000","94534","Republic of Singapore","SGP"
"EAGLE BULK PTE LTD","2000000","","Republic of Singapore","SGP"
"Eastern Pacific Shipping Pte Ltd","2500000","","Republic of Singapore","SGP"
"EGPN Bulk Carrier co. Limited","3000000","604428","Republic of Singapore","SGP"
"EMAS-AMC Pte Ltd","800000","","Republic of Singapore","SGP"
"Eneos Oil & Energy Asia Pte Ltd","5000000","290493","Republic of Singapore","SGP"
"Everest Shipping PTE LTD","600000","","Republic of Singapore","SGP"
"EXCEL PROCUREMENT","400000","479659","Republic of Singapore","SGP"
"F.C.S. TRADING & FISHERY PTE","2000000","196949","Republic of Singapore","SGP"
"FOS MANAGEMENT SERVICES","100000","479611","Republic of Singapore","SGP"
"Fugro Singapore Pte Ltd","350000","","Republic of Singapore","SGP"
"Glencore Singapore Pte Ltd","7000000","","Republic of Singapore","SGP"
"GOLDEN-AGRI STENA PTE. LTD.","600000","567689","Republic of Singapore","SGP"
"GPO Grace Limite","2000000","495050","Republic of Singapore","SGP"
"GPR Co. Pte Ltd","1500000","507096","Republic of Singapore","SGP"
"GRAM MARINE PTE LTD","200000","","Republic of Singapore","SGP"
"Greatship Global Offshore Services","130000","256839","Republic of Singapore","SGP"
"GTS GLOBAL TRADING PTE.","500000","","Republic of Singapore","SGP"
"HANSSY SHIPPING PTE LTD","100000","360383","Republic of Singapore","SGP"
"Hanssy Shipping Pte Ltd","700000","360383","Republic of Singapore","SGP"
"HBC Asia Pte Ltd","1000000","","Republic of Singapore","SGP"
"HELIOS LPG POOL LLC","1500000","479526","Republic of Singapore","SGP"
"Idemitsu International (Asia) Pte.","3000000","508928","Republic of Singapore","SGP"
"IMC Shipping Co Pte Ltd","6000000","","Republic of Singapore","SGP"
"Integr8 Fuels Inc","15000000","644384","Republic of Singapore","SGP"
"INTERASIA LINES SINGAPORE","2000000","489322","Republic of Singapore","SGP"
"Jaldhi Overseas Pte Ltd","1000000","267608","Republic of Singapore","SGP"
"Jera Trading Singapore Pte Ltd","1000000","501398","Republic of Singapore","SGP"
"Jungwon Maritime Pte Ltd","300000","508485","Republic of Singapore","SGP"
"K-Line Pte Ltd","5000000","300699","Republic of Singapore","SGP"
"Kim Heng Marine oilfield Pte Ltd","200000","653148","Republic of Singapore","SGP"
"Koch Shipping Pte Ltd","20000000","","Republic of Singapore","SGP"
"LANPAN PTE LTD","550000","233929","Republic of Singapore","SGP"
"LEO OCEAN PTE. LTD.","2000000","","Republic of Singapore","SGP"
"Leomax Maritime Pte. Ltd","500000","","Republic of Singapore","SGP"
"LH Shipping Pte Ltd","1000000","","Republic of Singapore","SGP"
"Liannex Corporation","350000","484035","Republic of Singapore","SGP"
"Lighthouse Navigation Pte Ltd","1500000","","Republic of Singapore","SGP"
"Louis Dreyfus Company Freight","5000000","473146","Republic of Singapore","SGP"
"MACS MARITIME CARRIER","500000","637259","Republic of Singapore","SGP"
"Maersk Oil Trading Singapore Ltd","700000","474190","Republic of Singapore","SGP"
"Marida Tankers Inc","1000000","285824","Republic of Singapore","SGP"
"MARUBENI GRAIN & OILSEEDS","2000000","642521","Republic of Singapore","SGP"
"Maximus Marine Pte. Ltd.","300000","","Republic of Singapore","SGP"
"Mcc Transport Singapore Pte Ltd","6000000","","Republic of Singapore","SGP"
"MMA OFFSHORE ASIA PTE LTD","150000","","Republic of Singapore","SGP"
"MMA OFFSHORE ASIA VESSEL","200000","","Republic of Singapore","SGP"
"MULTIMAX SHIPPING PTE LTD","300000","","Republic of Singapore","SGP"
"NOVA CARRIERS (SINGAPORE)","1000000","385763","Republic of Singapore","SGP"
"Ocean 21 Holdings Pte Ltd","1500000","263113","Republic of Singapore","SGP"
"OCEAN CHALLENGER PTE. LTD.","500000","","Republic of Singapore","SGP"
"Ocean Network Express Pte Ltd.","10000000","","Republic of Singapore","SGP"
"Odfjell Asia II Pte. ltd.","700000","141125","Republic of Singapore","SGP"
"Odyssey Maritime Pte Ltd","600000","","Republic of Singapore","SGP"
"Olam International Ltd","4000000","196941","Republic of Singapore","SGP"
"OMC SHIPPING","500000","292512","Republic of Singapore","SGP"
"OMEGRA SHIPPING PTE. LTD","1000000","533955","Republic of Singapore","SGP"
"Oriental Energy (Singapore) Int.","2500000","504010","Republic of Singapore","SGP"
"OXALIS SHIPPING CO. PTE. LTD.","100000","12174","Republic of Singapore","SGP"
"Pacific International Lines (Pte) Ltd","15000000","462804","Republic of Singapore","SGP"
"Pacific World Shipping Pte. Ltd.","500000","","Republic of Singapore","SGP"
"Pancoast Trading (Singapore) Pte","500000","","Republic of Singapore","SGP"
"PENG HONG PTE LTD","50000","495286","Republic of Singapore","SGP"
"Peng Hong Pte Ltd","400000","495286","Republic of Singapore","SGP"
"PETRO SUMMIT PTE LTD","2500000","","Republic of Singapore","SGP"
"Platina Bulk Carriers Pts Ltd","700000","","Republic of Singapore","SGP"
"Plaza Marine. INC.","400000","80653","Republic of Singapore","SGP"
"POE Shipping Pte. Ltd.","100000","106090","Republic of Singapore","SGP"
"Propel Shipping Pte Ltd","400000","515287","Republic of Singapore","SGP"
"Raffles Bunkering Pte. Ltd.","900000","652823","Republic of Singapore","SGP"
"RCL FEEDER PTE LTD.","1500000","272302","Republic of Singapore","SGP"
"Richland Bulk Pte. Ltd.","750000","541644","Republic of Singapore","SGP"
"SDTR MARINE PTE LTD","1750000","472289","Republic of Singapore","SGP"
"Sea Consortium Pte Ltd","12000000","","Republic of Singapore","SGP"
"Sea Consortium Pte Ltd","3500000","","Republic of Singapore","SGP"
"Seacon Enterprise Pte Ltd","2000000","540875","Republic of Singapore","SGP"
"Sealink Shipping (Singapore) Pte Ltd","1500000","","Republic of Singapore","SGP"
"Seaocean Carriers Pte Ltd","500000","638173","Republic of Singapore","SGP"
"SHELL TANKERS (SINGAPORE)","6000000","155168","Republic of Singapore","SGP"
"SIAM GAS TRADING PTE LTD","1000000","526858","Republic of Singapore","SGP"
"Singapore Shipping International (Private) Limited","400000","79791","Republic of Singapore","SGP"
"Sino East Asia Pte Ltd","500000","","Republic of Singapore","SGP"
"Sinopec Fuel OIl (Singapore) Pte","500000","","Republic of Singapore","SGP"
"Sinotrans Agencies (S) Pte Ltd","500000","","Republic of Singapore","SGP"
"SK B&T PTE LTD","2300000","400783","Republic of Singapore","SGP"
"SK B&T PTE LTD","3750000","400783","Republic of Singapore","SGP"
"Smit Singapore Pte Ltd","700000","303129","Republic of Singapore","SGP"
"ST Logistics Pte. Ltd.","1000000","","Republic of Singapore","SGP"
"Stainless Tankers Inc c/o WOMAR Logistics Pte Ltd","2500000","","Republic of Singapore","SGP"
"Straits Bunkering Pte Ltd","250000","","Republic of Singapore","SGP"
"Subsea 7 Singapore Contracting","800000","503044","Republic of Singapore","SGP"
"Subsea7 ingapore Contracting Pte Ltd","700000","","Republic of Singapore","SGP"
"SUCCESS BLOSSOM TRADING","1500000","651888","Republic of Singapore","SGP"
"SUSESEA HOLDINGS PTE. LTD.","200000","483262","Republic of Singapore","SGP"
"Swire Pacific Offshore Operations Pte Ltd","3000000","","Republic of Singapore","SGP"
"Synergy Marine Commercial","150000","","Republic of Singapore","SGP"
"TATSUMI MARINE (S) PTE LTD","500000","","Republic of Singapore","SGP"
"Teekay Navion Offshore Loading Pte Ltd","5000000","","Republic of Singapore","SGP"
"Teekay Tankers Chartering Pte Ltd","3000000","511704","Republic of Singapore","SGP"
"TESORO FAR EAST MARITIME","1500000","274062","Republic of Singapore","SGP"
"TFG Marine Pte Ltd","15000000","","Republic of Singapore","SGP"
"THORESEN SHIPPING","2000000","287410","Republic of Singapore","SGP"
"Thoresen Shipping Singapore Pte Ltd","2000000","287410","Republic of Singapore","SGP"
"Tongli Shipping Pte.Ltd","800000","","Republic of Singapore","SGP"
"Toyota Tsusho Petroleum Pte Ltd","2500000","","Republic of Singapore","SGP"
"Triomphe Shipping Pte Ltd","500000","","Republic of Singapore","SGP"
"TS GLOBAL PROCUREMENT","1500000","","Republic of Singapore","SGP"
"Ultrabulk Shipholding (Singapore) Pte Ltd","300000","","Republic of Singapore","SGP"
"Vasi Shipping Pte Ltd","2000000","439565","Republic of Singapore","SGP"
"Victory Shipping Pte Ltd","1000000","","Republic of Singapore","SGP"
"VLK TRADERS SINGAPORE PTE","500000","72887","Republic of Singapore","SGP"
"WESTERN BULK PTE LTD","1000000","","Republic of Singapore","SGP"
"WINSTAR SHIPPING PTE LTD","150000","","Republic of Singapore","SGP"
"Womar Logistics Pte Ltd","7500000","267951","Republic of Singapore","SGP"
"Puma International Congo","90000","","Republic of the Congo","COG"
"Baltik Shipping OOO","1000000","","Russia","RUS"
"Blue Wave Ooo","75000","","Russia","RUS"
"CHBSK OOO","50000","","Russia","RUS"
"CHBSK. OOO","40000","","Russia","RUS"
"IHB SHIPING CO JSC","250000","","Russia","RUS"
"Interrybflot Service Ltd","150000","","Russia","RUS"
"JSC Polarnaya Ekspeditsia","300000","","Russia","RUS"
"JSC Yuzhmorryflot","300000","","Russia","RUS"
"Mage PAO","750000","","Russia","RUS"
"Public Joint Stock Company ""Murmansk Trawl Fleet""","200000","","Russia","RUS"
"Sakhalin OAO SEA Shipping","200000","","Russia","RUS"
"Terminal Astafeva OAO","200000","","Russia","RUS"
"Trans Vind Flot AO","225000","","Russia","RUS"
"Amur Shipping Company. AO","300000","648225","Russian Federation","RUS"
"Arktik Shipping OOO","115000","289601","Russian Federation","RUS"
"Balt-Shtok OOO","100000","247511","Russian Federation","RUS"
"Baltic Reefers Ltd","500000","650478","Russian Federation","RUS"
"For Fishing AO","3500000","195234","Russian Federation","RUS"
"Kontsern Aspol-Baltik","250000","41357","Russian Federation","RUS"
"MRP Tanker OOO","200000","458064","Russian Federation","RUS"
"Nbamr PAO","720000","50532","Russian Federation","RUS"
"NORTH-WESTERN SHIPPING","250000","521598","Russian Federation","RUS"
"OOO Universal Baltic Company","350000","506515","Russian Federation","RUS"
"PJSC North-Western Shipping","330000","521598","Russian Federation","RUS"
"Polaris Shipping Co. Ltd.","500000","169590","Russian Federation","RUS"
"SCF Management Services","10000000","551635","Russian Federation","RUS"
"Sovcomflot PAO","7500000","47511","Russian Federation","RUS"
"SUEK AG","600000","257345","Russian Federation","RUS"
"Tikhrybkom OOO","110000","488199","Russian Federation","RUS"
"Transflot OOO","120000","170610","Russian Federation","RUS"
"Tongli Samoa Shipping Co. Ltd","1500000","","Samoa","WSM"
"Bihar International Co","200000","1563","Saudi Arabia","SAU"
"SAUDI ARABIAN MINING","1000000","638112","Saudi Arabia","SAU"
"GOLDEN OCEAN SHIPPING CO","5000000","491061","Seychelles","SYC"
"FFS Refiners (Pty) Ltd","10000","","South Africa","ZAF"
"Nutam Operations Pty Ltd","800000","","South Africa","ZAF"
"REGAL CAPE MARINE CC","100000","302518","South Africa","ZAF"
"Sea Harvest Group Ltd","200000","603492","South Africa","ZAF"
"Agunsa Europa S.A.","300000","","Spain","ESP"
"Black Bull Logistics SL","100000","490244","Spain","ESP"
"CONGELADOS NORIBERICA SA","120000","","Spain","ESP"
"Endesa Energia S.A.","1000000","471643","Spain","ESP"
"Ership","800000","31469","Spain","ESP"
"Flota Suardiaz S.L.","1800000","69039","Spain","ESP"
"FRONTLINE SHIPPING","3000000","166505","Spain","ESP"
"GAS NATURAL","5000000","476223","Spain","ESP"
"Hijos De Vidal Bandin SA","250000","174275","Spain","ESP"
"J ronco y Cia Sl","880000","","Spain","ESP"
"JALDAMAR SL","200000","641908","Spain","ESP"
"Jose Montenegro Vila SL","300000","278084","Spain","ESP"
"Marguisa Shipping Lines SLU","1000000","","Spain","ESP"
"MARINOIL SERVICE SA","500000","60577","Spain","ESP"
"MORADIÑA SL","1000000","","Spain","ESP"
"Naturgy Aprovisionamientos S.A.","500000","568369","Spain","ESP"
"North Sea Giant AS","500000","303303","Spain","ESP"
"PESQUERA AUGADOCE SL","130000","","Spain","ESP"
"Pesquera Barra SA","170000","246396","Spain","ESP"
"PESQUERA ECCE HOMO SL","130000","","Spain","ESP"
"PESQUERA RAYMI SL","100000","","Spain","ESP"
"PESQUERIAS CHAMO SL","250000","172747","Spain","ESP"
"PESQUERIAS GEORGIA SL","250000","489930","Spain","ESP"
"Seapride Maritime SL","100000","","Spain","ESP"
"TALASA BARBANZA SL","120000","","Spain","ESP"
"UNION FENOSA GAS S A","2000000","","Spain","ESP"
"Ceylon Shipping Corp Ltd","100000","2905","Sri Lanka","LKA"
"QatarGas Operating Co Ltd","15000000","263463","State of Qatar","QAT"
"NIMR INternational LLC","150000","515337","Sultanate of Oman","OMN"
"Oman Charter Company SAOC","1000000","287988","Sultanate of Oman","OMN"
"Oman Oil Marketing SAOG","150000","224406","Sultanate of Oman","OMN"
"OMAN SHIP MANAGEMENT","1000000","228402","Sultanate of Oman","OMN"
"Atobatc Holding AB","330000","220260","Sweden","SWE"
"ATOBATCSHIPPING AB","200000","","Sweden","SWE"
"Bogserteam Öresund AB","100000","","Sweden","SWE"
"Brochart KB","500000","206312","Sweden","SWE"
"Cementa Ab","2500000","2843","Sweden","SWE"
"COOL CARRIERS AB","1000000","97662","Sweden","SWE"
"Floatel Reliance B.V.","250000","266811","Sweden","SWE"
"MARINE CRANE MC AB","75000","","Sweden","SWE"
"MARINE SOLUTIONS MG AB","200000","66076","Sweden","SWE"
"MMT SWEDEN AB","150000","","Sweden","SWE"
"OP SHIP AB","50000","","Sweden","SWE"
"Polar Explorer AS","800000","628610","Sweden","SWE"
"Rederi AB Donsötank","150000","","Sweden","SWE"
"Rederi AB Nathalie","15000","","Sweden","SWE"
"Rederi AB Nordö-Link","500000","","Sweden","SWE"
"ScanOcean AB","500000","474641","Sweden","SWE"
"SIRIUS CHARTERING AB","150000","262707","Sweden","SWE"
"Smart Energy Sweden Fuels AB","500000","","Sweden","SWE"
"Vattenfall Vindkraft","1000000","","Sweden","SWE"
"ADM International Sàrl","3000000","274106","Switzerland","CHE"
"Amaggi SA","1000000","436523","Switzerland","CHE"
"Cargill International SA","11000000","21885","Switzerland","CHE"
"COFCO International Freight SA","5000000","556890","Switzerland","CHE"
"CSSA Chartering & Shipping Services SA","25000000","285803","Switzerland","CHE"
"Eiger Shipping SA","5000000","644059","Switzerland","CHE"
"Element Maritime SA","500000","636243","Switzerland","CHE"
"Engelhart CTP (Switzerland) SA","9000000","520627","Switzerland","CHE"
"Geogas Trading SA","5000000","6024","Switzerland","CHE"
"Great White Fleet Corp","2000000","636629","Switzerland","CHE"
"Gunvor Sa","6000000","391783","Switzerland","CHE"
"Heerema Marine Contractors","100000","6819","Switzerland","CHE"
"Louis Dreyfus Company Suisse SA","15000000","285828","Switzerland","CHE"
"Louis Dreyfus Company Suisse SA","2500000","285828","Switzerland","CHE"
"Lyon Bunker Services SA","5000000","637198","Switzerland","CHE"
"MASSMARINER SA","500000","135586","Switzerland","CHE"
"Mercuria Energy Trading SA","6000000","221325","Switzerland","CHE"
"Nova Marine Carriers Sa","1000000","267846","Switzerland","CHE"
"NOVAALGOMA SHORT-SEA","750000","493958","Switzerland","CHE"
"Proman Shipping AG","500000","502293","Switzerland","CHE"
"Quadra Commodities Sa","500000","344147","Switzerland","CHE"
"Socar Trading SA","8000000","268147","Switzerland","CHE"
"ST SHIPPING AND TRANSPORT","9500000","193956","Switzerland","CHE"
"United Maritime Logistics","500000","494555","Switzerland","CHE"
"Yara Switzerland Ltd","3000000","267937","Switzerland","CHE"
"York Overseas Ltd.","50000","653600","Switzerland","CHE"
"China Steel Express Corporation","2000000","85305","Taiwan, China","TWN"
"Enchong Co Ltd","220000","267976","Taiwan, China","TWN"
"F.C.F. FISHERY CO LTD","750000","542021","Taiwan, China","TWN"
"FCF Fishery Co. Ltd","3800000","195247","Taiwan, China","TWN"
"Oceanlance Maritime Co Ltd","200000","388403","Taiwan, China","TWN"
"SHINE YEAR FISHING CO.. LTD.","275000","25431","Taiwan, China","TWN"
"SIMOSA OIL CO LTD","300000","389515","Taiwan, China","TWN"
"T.S. Lines Limited","4000000","468004","Taiwan, China","TWN"
"TA-HO Maritime Corporation","1000000","16333","Taiwan, China","TWN"
"TS LINES LIMITED","1500000","543802","Taiwan, China","TWN"
"U-Ming Marine Transport","1500000","18567","Taiwan, China","TWN"
"U-Ming Marine Transport Corp","3000000","18567","Taiwan, China","TWN"
"UNIFISHERY ENTERPRISE CO","500000","30771","Taiwan, China","TWN"
"UNISON MARINE CORPORATION","300000","843","Taiwan, China","TWN"
"Wan Hai Lines Ltd","11000000","18063","Taiwan, China","TWN"
"Yang Ming Marine Transport Corporation","15000000","18483","Taiwan, China","TWN"
"Polaris Shipping Limited Inc","400000","433486","Tanzania","TZA"
"Ama Marine Public Co Ltd","800000","87977","Thailand","THA"
"C P Company Limited","170000","2484","Thailand","THA"
"K Express Co. Ltd","30000","551101","Thailand","THA"
"K Navigate Company Limited","40000","478320","Thailand","THA"
"Mermaid Subsea Services","170000","477526","Thailand","THA"
"Nathalin Company Limited","1800000","46861","Thailand","THA"
"PRECIOUS SHIPPING PUBLIC CO","1000000","38585","Thailand","THA"
"PTT Oil and Retail Business Public Company Limited","2000000","","Thailand","THA"
"Sea Oil Public Company Limited","100000","325523","Thailand","THA"
"SIAM LUCKY MARINE CO.. LTD","1450000","272932","Thailand","THA"
"THAI OIL PUBLIC CO. LTD.","4000000","27232","Thailand","THA"
"Adakent Denizcilik Ltd","3000000","473989","Turkiye","TUR"
"Adamoglu Denizcilik Ltd","60000","490043","Turkiye","TUR"
"Akkon Denizcilik AS","600000","541265","Turkiye","TUR"
"Akmar Shipping & Trading SA","500000","26613","Turkiye","TUR"
"Arel Denizcilik AS","500000","240326","Turkiye","TUR"
"Arkas Bunkering & Trading SA","150000","274842","Turkiye","TUR"
"Arkas Konteyner Tasimacilik AS","3000000","283127","Turkiye","TUR"
"Armador Gemi Ltd","3000000","364323","Turkiye","TUR"
"AS-MIRA PETROL VE KIMYA","400000","","Turkiye","TUR"
"Baytas Tanker Denizcilik Turizm Sanayi ve Ticaret Ltd Sti","300000","","Turkiye","TUR"
"Borealis Tanker Kiralama AS","400000","570788","Turkiye","TUR"
"Borusan Lojistik AS","400000","","Turkiye","TUR"
"Bright Denizcilik ve Gemi Isletmeciligi A.S","300000","","Turkiye","TUR"
"Bulk Atlantic Inc","500000","195960","Turkiye","TUR"
"Canakkale Ayna Denizcilik AS","600000","311185","Turkiye","TUR"
"Devbulk Gemi Isletmeciligi AS","150000","485662","Turkiye","TUR"
"Devbulk Trading Ltd.","200000","643990","Turkiye","TUR"
"DITAS DENIZ ISLETMECILIGI VE","750000","4195","Turkiye","TUR"
"Doganata Denizcilik AS","100000","518227","Turkiye","TUR"
"Dramar Denizcilik","300000","4323","Turkiye","TUR"
"Egeden Denizcilik ve Tasimacilik Tic AS","200000","479192","Turkiye","TUR"
"Feza Denizcilik Ltd","150000","242781","Turkiye","TUR"
"HICRI ERCILI DENIZ NAKLIYAT","250000","495320","Turkiye","TUR"
"HK Denizcilik","250000","289756","Turkiye","TUR"
"M.R.C. DENIZCILIK TURIZM VE","200000","","Turkiye","TUR"
"Manta Denizcilik Nakliyat ve Ticaret Ltd","2000000","173390","Turkiye","TUR"
"Medkon Hat Isletmeciligi","1000000","474191","Turkiye","TUR"
"Pine Marine Co","400000","303395","Turkiye","TUR"
"Socar Turkey Petrol Enerji Dagitim","1000000","553996","Turkiye","TUR"
"Sonay Denizcilik Ltd Sti","300000","","Turkiye","TUR"
"Tami Project Inc","300000","648618","Turkiye","TUR"
"Tayf Denizcilik Ltd","200000","430306","Turkiye","TUR"
"TECO PETROLCULUK SANAYI","300000","477947","Turkiye","TUR"
"Trimorya Shipping Limited","120000","262668","Turkiye","TUR"
"TURKIYE PETROLLERI ANONIM","1500000","475283","Turkiye","TUR"
"YA-SA GEMI ISLETMECILIGI VE","300000","219889","Turkiye","TUR"
"Ya-sa Tanker Isletmeciligi A.S.","400000","276044","Turkiye","TUR"
"Yagci Denizcilik ve Ticaret Ltd Sirketi","200000","76025","Turkiye","TUR"
"Ariadne Shiptrade SA","1600000","650520","Ukraine","UKR"
"Chaka Eidzhensi TOV","2000000","","Ukraine","UKR"
"Faeton TOV","3500000","","Ukraine","UKR"
"Fayette International Holdings Limited","1400000","636512","Ukraine","UKR"
"Meridian Ltd","750000","651297","Ukraine","UKR"
"SC Innovative Ukraine","250000","426304","Ukraine","UKR"
"Thule Ltd","300000","505884","Ukraine","UKR"
"Transshyp TOV","200000","","Ukraine","UKR"
"Ukrrichflot JSSC","500000","","Ukraine","UKR"
"Varamar TOV","1000000","","Ukraine","UKR"
"Abu Dhabi National Tanker Company (ADNATCO)","5000000","43","United Arab Emirates","ARE"
"Al Ghurair Energy DMCC","2000000","514942","United Arab Emirates","ARE"
"Al Ghurair Resources LLC","6000000","320203","United Arab Emirates","ARE"
"Aquamar Shipping LLC","100000","387523","United Arab Emirates","ARE"
"BGN INT DMCC","500000","589071","United Arab Emirates","ARE"
"BPCL International FZE","150000","","United Arab Emirates","ARE"
"BPG Shipping Company DMCC","400000","","United Arab Emirates","ARE"
"COPA SHIPPING DMCC","250000","","United Arab Emirates","ARE"
"COT General Trading FZE","12000000","","United Arab Emirates","ARE"
"E C B International General Trading","100000","","United Arab Emirates","ARE"
"EMT Marine Trade FZE","400000","","United Arab Emirates","ARE"
"ENDEAVOUR BUNKER TRADING","250000","","United Arab Emirates","ARE"
"Eurotank Maritime DMCC","150000","","United Arab Emirates","ARE"
"FNSA FUEL LTD FZE - FNSA","500000","","United Arab Emirates","ARE"
"Future Oil & Grease Industry FZ","100000","","United Arab Emirates","ARE"
"GAC BUNKER FUELS LIMITED","250000","221131","United Arab Emirates","ARE"
"Geoserve Energy Transport DMCC","3000000","517387","United Arab Emirates","ARE"
"Gulf Agency Co Dubai LLC","6000000","96990","United Arab Emirates","ARE"
"GULF PETROL SUPPLIES LLC","250000","267586","United Arab Emirates","ARE"
"GULF PETROL SUPPLIES LLC","500000","267586","United Arab Emirates","ARE"
"HAKAN AGRO DMCC","350000","650912","United Arab Emirates","ARE"
"Insight Maritime DMCC","500000","644394","United Arab Emirates","ARE"
"Interworld Shipping Agency LLC","100000","457264","United Arab Emirates","ARE"
"LSS Ocean Transport DMCC K/A","100000","","United Arab Emirates","ARE"
"LUBREX FZC","150000","","United Arab Emirates","ARE"
"Mena Energy DMCC","1000000","286316","United Arab Emirates","ARE"
"Miclyn Offshore Middle East Africa FZE","200000","394325","United Arab Emirates","ARE"
"NATIONAL GAS SHIPPING","3000000","70562","United Arab Emirates","ARE"
"Ocean Energy Ltd","1000000","645756","United Arab Emirates","ARE"
"Ocean Oilfield Drilling FZC","144000","","United Arab Emirates","ARE"
"Oilmar Shipping and Chartering DMCC","1000000","","United Arab Emirates","ARE"
"Quest Group DMCC","500000","519102","United Arab Emirates","ARE"
"RAME Rubis Asphalt Middle East DMCC","500000","","United Arab Emirates","ARE"
"Rtss Maritime Services LLC","150000","343423","United Arab Emirates","ARE"
"Rulexx Lubricants and Grease","300000","","United Arab Emirates","ARE"
"SILK ROAD SHIPPING AND","100000","","United Arab Emirates","ARE"
"Simtra International LLC","600000","493709","United Arab Emirates","ARE"
"South Kurdistan Company General Trading LLC","100000","638463","United Arab Emirates","ARE"
"SSH Maritime Management of Pleasure Yachts","50000","","United Arab Emirates","ARE"
"Stevin Rock LLC","500000","86179","United Arab Emirates","ARE"
"Tiryaki Shipping FZ-LLC","2000000","","United Arab Emirates","ARE"
"Transworld Feeders FZCO","500000","488676","United Arab Emirates","ARE"
"United Arab Chemical Carriers Ltd (UACC)","500000","247265","United Arab Emirates","ARE"
"Varamar Shipping DMMCC","500000","","United Arab Emirates","ARE"
"AET Inc Ltd","2000000","495556","United Kingdom","GBR"
"Ashley Global Shipping Limited","330000","652925","United Kingdom","GBR"
"Atlantic Coal and Bulk","2300000","","United Kingdom","GBR"
"Aurora Marine Fuels Ltd","1000000","537947","United Kingdom","GBR"
"BP Shipping Limited","2000000","2122","United Kingdom","GBR"
"BP Shipping Limited","20000000","2122","United Kingdom","GBR"
"Charles M Willie & Co. (Shipping)","350000","471768","United Kingdom","GBR"
"Chevron Tankers Ltd","3000000","151880","United Kingdom","GBR"
"Combined Mining and Shipping","400000","","United Kingdom","GBR"
"European Metal Recycling Limited","1000000","195472","United Kingdom","GBR"
"Evergreen Marine (UK) Limited","1000000","165440","United Kingdom","GBR"
"Glencore Limited","30000000","195494","United Kingdom","GBR"
"Greenergy Fuels Limited","40000","586705","United Kingdom","GBR"
"Hays Ships Limited","192000","6811","United Kingdom","GBR"
"Holbud Ship Management Limited","4000000","7028","United Kingdom","GBR"
"James Fisher Everard Limited","250000","5062","United Kingdom","GBR"
"K Line Bulk Shipping (UK) Ltd","750000","260425","United Kingdom","GBR"
"KOCH FERTILIZER","1000000","644545","United Kingdom","GBR"
"Londonderry Port & Harbour","15000","65352","United Kingdom","GBR"
"MAERSK SUPPLY SERVICE","500000","257570","United Kingdom","GBR"
"MAINPRIZE OFFSHORE LTD","250000","519622","United Kingdom","GBR"
"MNG Maritime Ltd","540000","497406","United Kingdom","GBR"
"MPI Offshore BV","1650000","238268","United Kingdom","GBR"
"Navalmar (UK) Ltd.","1500000","163530","United Kingdom","GBR"
"Navigator Gas LLC","700000","259284","United Kingdom","GBR"
"NL TRANS OIL LIMITED","900000","","United Kingdom","GBR"
"Ocean Horizon Shipping Limited","80000","637602","United Kingdom","GBR"
"PETROINEOS TRADING LIMITED","8000000","448364","United Kingdom","GBR"
"Prosafe Offshore Limited","1000000","154823","United Kingdom","GBR"
"Rowan Companies Plc","15000000","525341","United Kingdom","GBR"
"Sea Pioneer Limited","1300000","123291","United Kingdom","GBR"
"SHELL INTERNATIONAL","5000000","24558","United Kingdom","GBR"
"Shell International Trading and Shipping Company Ltd","35000000","","United Kingdom","GBR"
"SIEM CAR CARRIERS AS","1000000","303233","United Kingdom","GBR"
"SUBSEA 7 INTERNATIONAL","2000000","341263","United Kingdom","GBR"
"Subsea 7 International Contracting Limited","700000","341263","United Kingdom","GBR"
"Technip Uk Limited","2500000","24777","United Kingdom","GBR"
"The Ocean Technology Group Limited","220000","","United Kingdom","GBR"
"Trinity House Harwich Depot. The","100000","","United Kingdom","GBR"
"Tune Chemical Tankers (UK) Limited","800000","647337","United Kingdom","GBR"
"UNITED EXPORTS LTD","250000","207184","United Kingdom","GBR"
"Western Bridge (Shipping) Limited","350000","253242","United Kingdom","GBR"
"WL Shipping Ltd","200000","","United Kingdom","GBR"
"4refuel US. Llc","150000","","United States","USA"
"Conex Petroleum Services Inc","9000000","","United States","USA"
"Epic Companies LLC","800000","","United States","USA"
"Fuel Masters LLC","475000","","United States","USA"
"Indigo Energy Partners","200000","","United States","USA"
"Kolkhorst Petroleum Company","150000","","United States","USA"
"Lazer Energy Company","225000","","United States","USA"
"Leidos Holdings Inc","2400000","","United States","USA"
"MAG Lube LLC a/k/a Mag","100000","","United States","USA"
"Martin Energy Services","50000","","United States","USA"
"Meremar General Trading LLC","225000","","United States","USA"
"Midcon Gathering LLC","250000","","United States","USA"
"Navasota Oil Co Inc","150000","","United States","USA"
"Pasternak. Baum & Co.. Inc","500000","","United States","USA"
"Penfield Tankers (Panamax) LLC","4000000","","United States","USA"
"Ricochet Fuel Distributors","125000","","United States","USA"
"Sims Group Global Trade Corp","270000","","United States","USA"
"Sonoco Partners Marketing &","2000000","","United States","USA"
"Tehema Shipping Services Co LLC","500000","","United States","USA"
"Texas Fueling Services Inc","100000","","United States","USA"
"Tropic Oil Tropic Fleet Services","100000","","United States","USA"
"WESTWOOD SHIPPING LINES.","1750000","295147","United States","USA"
"Whitener Enterprises Inc","150000","","United States","USA"
"BOKE SERVICES MANAGEMENT.","300000","277942","United States of America","USA"
"Bunge Latin America LLC","1500000","273809","United States of America","USA"
"Bunge SA","20000000","640152","United States of America","USA"
"Carnival Corporation","15000000","2384","United States of America","USA"
"Chevron Corporation","20000000","634843","United States of America","USA"
"Chimbusco Americas Inc","2000000","236489","United States of America","USA"
"Colonial Oil Industries Inc","45000","60719","United States of America","USA"
"DOJI MARINE TRADING LLC","500000","479397","United States of America","USA"
"Evergreen Marine Corporation (Taiwan) Ltd","15000000","70739","United States of America","USA"
"ExxonMobil Sales & Supply. LLC","5000000","432486","United States of America","USA"
"Fairfield Industries Inc","1100000","26782","United States of America","USA"
"Foss Maritime Company","400000","5606","United States of America","USA"
"Fugro USA Marine Inc.","200000","599958","United States of America","USA"
"FUGRO USA MARINE. INC.","500000","599958","United States of America","USA"
"Genco Shipping & Trading Ltd.","2700000","258138","United States of America","USA"
"Gold Star Maritime Company","400000","641410","United States of America","USA"
"Guardian Navigation Worldwide Inc","3500000","302596","United States of America","USA"
"Holland America Line Inc.","2000000","6514","United States of America","USA"
"HSL Shipping & Logistics (NA) Inc","400000","268210","United States of America","USA"
"Hudson Shipping Lines Inc","2000000","320031","United States of America","USA"
"Industrial Maritime Carriers LLC","300000","117509","United States of America","USA"
"Institute for Shipboard Education","650000","464806","United States of America","USA"
"KEYSTONE SHIPPING CO.","750000","7991","United States of America","USA"
"KYMA SHIP MANAGEMENT INC","500000","117547","United States of America","USA"
"Liberty Maritime Corporation","2500000","25354","United States of America","USA"
"Magical Cruise Company. Limited","5000000","313263","United States of America","USA"
"New York State Marine Highway Transportation LLC","450000","231361","United States of America","USA"
"NORDEN SHIPPING","2500000","522050","United States of America","USA"
"OSG Ship Management. Inc.","500000","106985","United States of America","USA"
"Phillips 66","7000000","58219","United States of America","USA"
"Polar Tankers. Inc.","2500000","1028","United States of America","USA"
"Radcliff Economy Marine Services","50000","422544","United States of America","USA"
"RELIANCE BULK CARRIERS LLC","500000","302846","United States of America","USA"
"RESOLVE MARINE GROUP. INC.","550000","302895","United States of America","USA"
"Schuyler Line Navigation","3000000","500148","United States of America","USA"
"Seabourn Cruise Line Limited","2000000","100288","United States of America","USA"
"Seabulk Tankers. Inc","300000","638215","United States of America","USA"
"Seacor holdings Inc","5000000","546310","United States of America","USA"
"Seawolf Tankers Inc","4000000","287995","United States of America","USA"
"SHELL TRADING (US) COMPANY","2000000","268361","United States of America","USA"
"Sigma Tankers Inc.","1200000","262270","United States of America","USA"
"Sokana Shipping & Trading Ltd.","1000000","534941","United States of America","USA"
"SOL GROUP MARKETING","300000","437726","United States of America","USA"
"Sterling Ocean Chemical Tankers III LLC","500000","485752","United States of America","USA"
"T.T.S. (Shipping) Limited","45000","648619","United States of America","USA"
"Tote Services Inc","350000","474079","United States of America","USA"
"TRAILER BRIDGE. INC","500000","133520","United States of America","USA"
"TROPICAL SHIPPING &","600000","17245","United States of America","USA"
"Trustees of Columbia University in","550000","550148","United States of America","USA"
"World Fuel Services Inc","20000000","285643","United States of America","USA"
"Fgas Petrol JSC","1000000","303051","Vietnam","VNM"
"GEMADEPT CORPORATION","500000","652567","Vietnam","VNM"
"Gemadept Shipping Limited","500000","496913","Vietnam","VNM"
"Hao Hung Co. Ltd","750000","471106","Vietnam","VNM"
"Long Hung Trading and Service Co Ltd","800000","","Vietnam","VNM"
"MAERSK LINE","2000000","297385","Vietnam","VNM"
"Petrovietnam Transportation Corp","2900000","55549","Vietnam","VNM"
"PHUONG NAM INVESTMENT","100000","346444","Vietnam","VNM"
"SOUTHERN PETROLEUM","500000","255441","Vietnam","VNM"
"TAN BINH COMPANY LIMITED","1500000","207451","Vietnam","VNM"
"Viet Trust Shipping Corp","60000","253040","Vietnam","VNM"
"Vietnam National Shipping Lines","6000000","","Vietnam","VNM"
