Details,Credit
"4refuel US, Llc","$150,000.00"
Aban Offshore Limited,"$700,000.00"
Abu Dhabi National Tanker Company (ADNATCO)     5000000,"$5,000,000.00"
"Ace Quantum Chemical Tankers C,V,       1250000","$1,250,000.00"
Ace Shipping A/S        100000,"$100,000.00"
Ace Tankers CV  3500000,"$3,500,000.00"
Adakent Denizcilik Ltd  3000000,"$3,000,000.00"
Adamoglu Denizcilik Ltd 60000,"$60,000.00"
Adani Global Pte Ltd    2400000,"$2,400,000.00"
ADM International Sàrl  3000000,"$3,000,000.00"
"Admiral Container Lines Inc, Ltd        350000","$350,000.00"
Adventure Canada Ontario        600000,"$600,000.00"
Aeromic Shipping (S) Pte Ltd    300000,"$300,000.00"
AET Inc Ltd     2000000,"$2,000,000.00"
AET Tankers Pte Ltd     7000000,"$7,000,000.00"
Afri-Bulk Navigation Pte Ltd    250000,"$250,000.00"
"Agriculture & Energy Carriers, Ltd, Bahamas     500000","$500,000.00"
"Agunsa Europa S,A,      300000","$300,000.00"
Aims Shipping Corp      200000,"$200,000.00"
Aker Biomarine Antarctic As     4000000,"$4,000,000.00"
Akkon Denizcilik AS     600000,"$600,000.00"
Akmar Shipping & Trading SA     500000,"$500,000.00"
Akofs 2 AS      700000,"$700,000.00"
Al Ghurair Energy DMCC  2000000,"$2,000,000.00"
Al Ghurair Resources LLC        6000000,"$6,000,000.00"
"Alassia NewShips Management Inc,        350000","$350,000.00"
Alcatel Submarine Networks Marine SASU  1000000,"$1,000,000.00"
"Alcyone International Marine Inc,       300000","$300,000.00"
Algoma Central Corporation      500000,"$500,000.00"
Alkon Holding Inc       350000,"$350,000.00"
All Profit Ship Magement Co Ltd         83000,"$83,000.00"
Alliance Tanker Management      250000,"$250,000.00"
Alma Shipmanagement and Trading SA      100000,"$100,000.00"
Almi Marine Management SA       200000,"$200,000.00"
Almi Tankers SA 7500000,"$7,500,000.00"
Alpha Bulkers Shipmanagement Inc        8000000,"$8,000,000.00"
Alpha Reefer Transport GmbH     430000,"$430,000.00"
"Alpha Trading S,p,A,    200000","$200,000.00"
Alpina Shipping Agencies Aps    200000,"$200,000.00"
Altair Shipping and Trading Corp        350000,"$350,000.00"
Altomare SA     100000,"$100,000.00"
Ama Marine Public Co Ltd        800000,"$800,000.00"
Amaggi SA       1000000,"$1,000,000.00"
Amarante Shipping Pte Ltd       270000,"$270,000.00"
AMC International Holdings Limited      1000000,"$1,000,000.00"
"Amur Shipping Company, AO       300000","$300,000.00"
Andriaki Shipping Co Ltd        1500000,"$1,500,000.00"
Apl Co Pte Ltd  4000000,"$4,000,000.00"
Approved Energy (Singapore) Pte Ltd     100000,"$100,000.00"
Aquamar Shipping LLC    100000,"$100,000.00"
"Aquavita International S,A      2000000","$2,000,000.00"
"Arab Maritime Petroleum Transport Co,   2300000","$2,300,000.00"
Arab Shipbuilding and Repair Yard       400000,"$400,000.00"
ARCADIA FUELS PTY LTD   300000,"$300,000.00"
Arel Denizcilik AS      500000,"$500,000.00"
ARGO CORAL MARITIME     100000,"$100,000.00"
Ariadne Shiptrade SA    1600000,"$1,600,000.00"
Arkas Bunkering & Trading SA    150000,"$150,000.00"
Arkas Konteyner Tasimacilik AS  3000000,"$3,000,000.00"
Arktik Shipping OOO     115000,"$115,000.00"
Armador Gemi Ltd        3000000,"$3,000,000.00"
Arte Bunkering OU       250000,"$250,000.00"
Asaro Matteo Cosimo Vincenzo    200000,"$200,000.00"
Asean Cableship Pte Ltd 880000,"$880,000.00"
Ashley Global Shipping Limited  330000,"$330,000.00"
Asia Maritime Pacific (Shanghai) Limited        7200000,"$7,200,000.00"
"ASIAD ENTERPRISE PTE, LTD,      60000","$60,000.00"
ASIAN LIFT PTE LTD      550000,"$550,000.00"
AS-MIRA PETROL VE KIMYA         400000,"$400,000.00"
Asphaltos Trade SA      400000,"$400,000.00"
Associated Maritime Co (HK) Ltd 350000,"$350,000.00"
ASTRA SHIPMANAGEMENT INC        250000,"$250,000.00"
Atlantic Aardolieproducten Maatschappij BV      500000,"$500,000.00"
Atlantic Coal and Bulk  2300000,"$2,300,000.00"
Atlantikaromas LDA      1100000,"$1,100,000.00"
Atobatc Holding AB      330000,"$330,000.00"
ATOBATCSHIPPING AB      200000,"$200,000.00"
AUDACIA TRANSPORT       1500000,"$1,500,000.00"
"Aug, Bolten WM  Miller's Nachfolger (GmbH & Co) KG      500000","$500,000.00"
Aurora Marine Fuels Ltd 1000000,"$1,000,000.00"
Aurora Tankers International Ltd        500000,"$500,000.00"
"Aurora Tankers Management Pte,  500000","$500,000.00"
Ausca Shipping HK Limited       200000,"$200,000.00"
"Avin International Ltd, 5000000","$5,000,000.00"
Bahrain Bulk Trade Co Ltd Wll   150000,"$150,000.00"
Bainbridge Navigation Private Limited   500000,"$500,000.00"
Bainbridge Navigation Pte Ltd   500000,"$500,000.00"
Baltic Reefers Ltd      500000,"$500,000.00"
Baltic Shipping Company A/S     300000,"$300,000.00"
Baltik Shipping OOO     1000000,"$1,000,000.00"
BALTNAV A/S     350000,"$350,000.00"
Baltnav Singapore Pte Ltd       1000000,"$1,000,000.00"
Baltrader Schifffahrtsgesellschaft mbH & Co KG  500000,"$500,000.00"
Balt-Shtok OOO  100000,"$100,000.00"
Bao-Trans Enterprises Limited   3000000,3000000
"BARONE SHIPPING COMPANY S,      100000","$100,000.00"
Baru Delta Maritime Ltd         200000,200000
Bay Crest Management Pte Ltd    600000,"$600,000.00"
Bay Ferries Limited     150000,150000
Baytas Tanker Denizcilik Turizm Sanayi ve Ticaret Ltd Sti       300000,300000
"BBC Chartering Carriers GmbH & Co, Kg   1600000",1600000
BDH QUADRO MARINE LIMITED       300000,300000
Beibu Gulf Holding (Hong Kong)  1200000,"$1,200,000.00"
Beibu Gulf Holding      3700000,"$3,700,000.00"
BENZMARK DEVELOPMENT (M)        500000,"$500,000.00"
BERGE BULK SHIPPING PTE LTD     1000000,1000000
Bergen Bunkers AS       800000,800000
BERNHARD SCHULTE        200000,"$200,000.00"
Best Oasis Limited      200000,"$200,000.00"
"BG SHIPPING CO, LTD     1000000",1000000
BGN INT DMCC    500000,"$500,000.00"
"BGP Inc,, China National Petroleum      400000","$400,000.00"
"Biglift Holding B,V,    500000","$500,000.00"
Bihar International Co  200000,"$200,000.00"
Bintang Subsea Indonesia PT     360000,360000
Biron & CIE     300000,300000
BK Shipping Co Ltd      300000,"$300,000.00"
Black Bull Logistics SL 100000,"$100,000.00"
Blue Fin Tankers Inc    1000000,"$1,000,000.00"
Blue Planet Shipping Ltd        200000,"$200,000.00"
Blue Sea Fishing Company Pty Ltd        1300000,"$1,300,000.00"
Blue Star Line A/S      1000000,"$1,000,000.00"
Blue Wave Ooo   75000,75000
Blue Wave Shipping Inc  80000,"$80,000.00"
Boa Ocv AS      400000,"$400,000.00"
Bocimar International NV        7000000,"$7,000,000.00"
Boeckmans Belgie NV     100000,100000
Bogserteam Öresund AB   100000,100000
"BOKE SERVICES MANAGEMENT,       300000",300000
Borealis Tanker Kiralama AS     400000,400000
BORUS TRANSPORTES       300000,300000
Borusan Lojistik AS     400000,400000
Boskalis International BV       200000,200000
Bostomar Shipping Pte Ltd       300000,300000
BP Shipping Limited     2000000,2000000
BP Shipping Limited     20000000,20000000
BP SINGAPORE PTE LIMITED        2000000,"$2,000,000.00"
BPCL International FZE  150000,"$150,000.00"
BPG Shipping Company DMCC       400000,400000
Brazilian Navy Commission       350000,350000
BreadBox Shipping Lines BV      50000,"$50,000.00"
"BREB GmbH & Co, KG      300000","$300,000.00"
"Briese Chartering GmbH & Co, KG 12000000","$12,000,000.00"
"Bright Denizcilik ve Gemi Isletmeciligi A,S     300000",300000
Bright Navigation Inc   200000,200000
BRIGHT NAVIGATION INC   250000,250000
"British Bulkers Inc,    200000","$200,000.00"
Britoil Offshore Services Pte Ltd       150000,150000
Brochart KB     500000,500000
Bryggen Shipping International AS       500000,500000
BTS Tankers Pte Ltd     700000,700000
Bulk Atlantic Inc       500000,500000
BULKSEAS MARINE         400000,400000
Bundesamt Fur Inffrastrukturur - Baiudbw        7400000,"$7,400,000.00"
Bunge Latin America LLC         1500000,1500000
Bunge SA        20000000,"$20,000,000.00"
Bunker Partner OÜ       50000,50000
BW Green Carriers AS    3000000,"$3,000,000.00"
BW Green Transport AS   1000000,1000000
C P Company Limited     170000,170000
C Transport Holding Ltd 1000000,"$1,000,000.00"
C&S ENERGY CO LTD       300000,300000
"CA SHIPPING PTE, LIMITED        500000","$500,000.00"
Calamity Jane Transport Chartering      300000,"$300,000.00"
Canakkale Ayna Denizcilik AS    600000,"$600,000.00"
Canfornav Inc   1000000,1000000
Canpotex Shipping Services      300000,"$300,000.00"
"CAPE SHIPPING S,A,      350000","$350,000.00"
CAPELLE CHARTERING      200000,"$200,000.00"
"Capital World Maritime Ltd,     600000",600000
"CARA SHIPPING PTE, LIMITED      1500000","$1,500,000.00"
Cargill International SA        11000000,"$11,000,000.00"
"Carl F, Peters GmbH & CO, KG    100000","$100,000.00"
Carl Jensen's Marinelager A/S   400000,400000
Carnival Corporation    15000000,"$15,000,000.00"
Cathay Marine Fuel Oil Trading Pte Ltd  13000000,"$13,000,000.00"
"CATTLE LINE TWO PTE, LTD,       150000","$150,000.00"
CCCC INTERNATIONAL      1200000,"$1,200,000.00"
Cementa Ab      2500000,"$2,500,000.00"
"Cementos Argos S,A,     250000",250000
Centennial Asia Shipping Private        500000,"$500,000.00"
"Centrofin Management Inc,       500000",500000
"CENTURION BULK PTE, LIMITED     1000000",1000000
CESSNETE SDN BHD        100000,"$100,000.00"
Cetragpool      750000,"$750,000.00"
Ceylon Shipping Corp Ltd        100000,"$100,000.00"
CH OFFSHORE LTD 200000,"$200,000.00"
Chaka Eidzhensi TOV     2000000,2000000
Chandra Asri Petrochemical PT   1000000,1000000
Chandris (Hellas) Inc   500000,500000
"Charles M Willie & Co, (Shipping)       350000",350000
Charm Marine Company Limited    900000,"$900,000.00"
CHBSK OOO       50000,50000
"CHBSK, OOO      40000","$40,000.00"
Chellaram Shipping (Hong Kong) Ltd      400000,"$400,000.00"
Chemoil Monde-Export Mondex     400000,400000
"CHEMSHIP B,V,   100000",100000
Cheng Xin Chartering Pte Ltd    1000000,"$1,000,000.00"
Chevron Asia Pacific Shipping Pte       1000000,1000000
Chevron Corporation     20000000,20000000
Chevron Tankers Ltd     3000000,3000000
Chevron Transport Corp Ltd      6000000,"$6,000,000.00"
Chimbusco Americas Inc  2000000,"$2,000,000.00"
Chimbusco Korea Co Ltd  300000,"$300,000.00"
"Chimbusco Pan Nation Petro-Chemical Co,, Ltd,   1000000",1000000
CHINA NATIONAL CHARTERING       1800000,1800000
China National Offshore Oil Corp        3000000,"$3,000,000.00"
China National Petroleum Corporation    7500000,"$7,500,000.00"
China Shipping (Singapore)      10000000,"$10,000,000.00"
China Steel Express Corporation 2000000,"$2,000,000.00"
"China United Lines Ltd, 320000","$320,000.00"
Chinese Polish Joint Stock Shipping Company     7500000,7500000
Citrosuco GmbH  1000000,"$1,000,000.00"
Classic Maritime Inc    1300000,"$1,300,000.00"
CLDN Cobelfret Pte Ltd  1500000,"$1,500,000.00"
CLDN Ro Ro SA   750000,750000
"CLEARLAKE SHIPPING PTE, LTD,    7000000","$7,000,000.00"
Clipper Bulk A/S        3000000,"$3,000,000.00"
CMA CGM 32000000,"$32,000,000.00"
Cobelfret Ferries NV    1500000,"$1,500,000.00"
"Cockett Marine Oil (Asia) PTE, Ltd,     1000000",1000000
COFCO International Freight SA  5000000,"$5,000,000.00"
Colonial Oil Industries Inc     45000,45000
COLOR LINE AS   2000000,2000000
Combined Mining and Shipping    400000,"$400,000.00"
COMMON PROGRESS         300000,300000
Compagnie Du Ponant     200000,200000
"Compass Schifffahrtsgesellschaft mbH & Co, KG   400000",400000
Conex Petroleum Services Inc    9000000,"$9,000,000.00"
CONGELADOS NORIBERICA SA        120000,"$120,000.00"
Containerships OYJ      3000000,"$3,000,000.00"
Conti GMT Shipping Ltd  3000000,"$3,000,000.00"
Conti-Lines NV  3000000,"$3,000,000.00"
COOL CARRIERS AB        1000000,"$1,000,000.00"
COOPERATIE VOOR DE      2000000,"$2,000,000.00"
COPA SHIPPING DMCC      250000,"$250,000.00"
COPCO A/S       1000000,1000000
"COSCO Shipping (Singapore) Petroleum Pte, Ltd   75000000",75000000
"COSMOSHIP MANAGEMENT S,A        600000","$600,000.00"
"Cosmotrans Navigation SA, Marshall Islands      500000","$500,000.00"
COT General Trading FZE 12000000,"$12,000,000.00"
Cross Ocean Shipping Ltd        1000000,"$1,000,000.00"
CSAL CANADA-STATES-AFRICA-      100000,"$100,000.00"
CSSA Chartering & Shipping Services SA  25000000,"$25,000,000.00"
"Cyprus Sea Lines Co,, Ltd,      1500000","$1,500,000.00"
"D, & S, SHIPMANAGEMENT SA       300000",300000
Daelim Corp     3000000,3000000
Daewoo Logistics Corp   2000000,2000000
Daiichi Chuo Kisen Kaisha       250000,250000
Daitoh Trading Co Ltd   2250000,2250000
"DALEX SHIPPING CO, S,A, 300000","$300,000.00"
"Dalian Chun'an Ship Management Co, Ltd  1300000","$1,300,000.00"
D'Amico Dry Designated Activity Company 3000000,"$3,000,000.00"
Dampskibsselskabet Norden A/S   12000000,12000000
Dampskibsselskabet Norden A/S   6000000,6000000
"Dandong Shipping Group Co,, Ltd 100000","$100,000.00"
DAVA PTE LTD    320000,"$320,000.00"
DC Dredging BV  250000,"$250,000.00"
De Poli Tankers BV      310000,"$310,000.00"
"Dead Sea Works Ltd, Supply      1000000","$1,000,000.00"
Deep Drilling 1 Pte Ltd 200000,"$200,000.00"
Delmore Ventures Limited        20000,"$20,000.00"
Delta Carriers SA       300000,300000
Delta Tankers Ltd       7000000,7000000
DEME    3000000,"$3,000,000.00"
DEUTSCHE CALPAM GMBH    2000000,"$2,000,000.00"
Deutsche Maxcom GmBH    3500000,"$3,500,000.00"
Deutsche-Calpam GmbH    5000000,"$5,000,000.00"
Devbulk Gemi Isletmeciligi AS   150000,150000
"Devbulk Trading Ltd,    200000","$200,000.00"
DFDS A/S        2000000,"$2,000,000.00"
DFDS Logistics AS       500000,500000
DHL PROJECT & CHARTERING        4000000,"$4,000,000.00"
DHT HOLDINGS INC C/O DHT        3000000,"$3,000,000.00"
"DIAMOND BULK CARRIERS PTE,      1000000","$1,000,000.00"
"Diamond Gas International Pte, Ltd,     1000000",1000000
Diamond Offshore Drilling SDN   1800000,1800000
DIAMOND OFFSHORE        900000,"$900,000.00"
"DIANA SHIPPING SERVICES S,A,    500000","$500,000.00"
DITAS DENIZ ISLETMECILIGI VE    750000,"$750,000.00"
DOF ASA 6000000,"$6,000,000.00"
Dof Management As       500000,500000
DOF REDERI AS   2000000,2000000
DOF Subsea Asia Pacific Pte Ltd         220000,220000
DOF Subsea Norway AS    600000,"$600,000.00"
Doganata Denizcilik AS  100000,"$100,000.00"
DOJI MARINE TRADING LLC 500000,"$500,000.00"
Dooyang Limited 100000,"$100,000.00"
DOW CHEMICAL PACIFIC PTE        300000,"$300,000.00"
Dramar Denizcilik       300000,300000
Dream Cruises Management Limited        800000,"$800,000.00"
Dredging International Asia Pacific     1000000,1000000
Ducat Maritime Limited  1000000,"$1,000,000.00"
DUTCH MARINE CONTRACTORS        50000,"$50,000.00"
Dynacom Tankers Management      15000000,"$15,000,000.00"
"DYNAMIC OIL SOLUTION CO,,       100000",100000
E BUNKER TRADE CO LTD   250000,250000
E C B International General Trading     100000,100000
EAGLE BULK PTE LTD      2000000,"$2,000,000.00"
EAS INTERNATIONAL SHIPPING      500000,"$500,000.00"
Eastern Mediterranean Maritime  1500000,"$1,500,000.00"
Eastern Pacific Shipping Pte Ltd        2500000,"$2,500,000.00"
"EFSHIPPING CO, S,A, PANAMA      350000","$350,000.00"
Egeden Denizcilik ve Tasimacilik Tic AS 200000,"$200,000.00"
"EGPN Bulk Carrier co, Limited   3000000",3000000
EGS (ASIA) LIMITED      200000,"$200,000.00"
Eiger Shipping SA       5000000,5000000
Eihou Shoun Limited     100000,100000
EIMSKIP NORWAY AS       1000000,1000000
Eimskipafelag Islands Ehf       7500000,7500000
Element Maritime SA     500000,500000
ELETSON CORPORATION     250000,250000
EMAS-AMC Pte Ltd        800000,"$800,000.00"
EMC GAS COPROPATION     500000,500000
Emil Selmer Shipping Limited    125000,"$125,000.00"
Empire Bulkers Ltd      100000,"$100,000.00"
EMT Marine Trade FZE    400000,"$400,000.00"
Enchong Co Ltd  220000,"$220,000.00"
ENDEAVOUR BUNKER TRADING        250000,"$250,000.00"
"Endesa Energia S,A,     1000000",1000000
"ENEL GLOBAL TRADING S,P,A,      1500000","$1,500,000.00"
"ENEL PRODUZIONE S,P,A,  1500000","$1,500,000.00"
Eneos Oil & Energy Asia Pte Ltd 5000000,"$5,000,000.00"
"ENESEL S,A,     1500000",1500000
Engelhart CTP (Switzerland) SA  9000000,"$9,000,000.00"
Engie Energy Management SCRL    3500000,"$3,500,000.00"
Engie   3000000,3000000
ENI SpA 500000,"$500,000.00"
Enterprises Shipping & Trading  15000000,"$15,000,000.00"
Envisan France SAS      1500000,"$1,500,000.00"
Epic Companies LLC      800000,"$800,000.00"
Equinor ASA     6000000,6000000
Equinor Metanol ANS     2000000,2000000
Equinor Refining Denmark AS     100000,100000
Equinor SA      7000000,"$7,000,000.00"
EQUINOX MARITIME LTD    500000,"$500,000.00"
Ership  800000,"$800,000.00"
"E-Ship 1 GmbH Co, KG    600000","$600,000.00"
Esl Shipping Oy 330000,"$330,000.00"
Esvagt A/S      2200000,"$2,200,000.00"
"Euro Marine Logistics N,V,      250000","$250,000.00"
Euroafrica Shipping Lines Limited       500000,500000
Euronav NV      1250000,"$1,250,000.00"
European Metal Recycling Limited        1000000,"$1,000,000.00"
Eurotank Maritime DMCC  150000,"$150,000.00"
Eurotank Maritime Management SA 300000,"$300,000.00"
Eurotankers Inc 1200000,"$1,200,000.00"
Everest Shipping PTE LTD        600000,"$600,000.00"
Evergreen Marine (UK) Limited   1000000,1000000
Evergreen Marine Corporation (Taiwan) Ltd       15000000,15000000
EXCEL PROCUREMENT       400000,400000
EXXON MOBIL CORPORATION 3000000,"$3,000,000.00"
Exxon Mobil Corporation         13000000,13000000
"ExxonMobil Sales & Supply, LLC  5000000","$5,000,000.00"
"F,C,F, FISHERY CO LTD   750000",750000
"F,C,S, TRADING & FISHERY PTE    2000000","$2,000,000.00"
Faeton TOV      3500000,"$3,500,000.00"
"FAFALIOS SHIPPING S,A,  500000","$500,000.00"
Fairfield Industries Inc        1100000,"$1,100,000.00"
FALCON NAVIGATION A/S   250000,250000
Fayette International Holdings Limited  1400000,"$1,400,000.00"
"FCF Fishery Co, Ltd     3800000",3800000
Festi HF        2500000,"$2,500,000.00"
Feza Denizcilik Ltd     150000,150000
FF Handelsafdeling ApS  15000000,"$15,000,000.00"
FFS Refiners (Pty) Ltd  10000,"$10,000.00"
Fgas Petrol JSC 1000000,"$1,000,000.00"
Finbeta Spa     150000,150000
Finnlines Oyj   750000,750000
Flame SA        500000,"$500,000.00"
"Floatel Reliance B,V,   250000",250000
"Flota Suardiaz S,L,     1800000",1800000
FMC Technologies Australia      1500000,"$1,500,000.00"
FNSA FUEL LTD FZE - FNSA        500000,"$500,000.00"
For Fishing AO  3500000,"$3,500,000.00"
FORMOSA PLASTICS MARINE         8500000,8500000
Forsvaret - Forsvarsmateriell   6500000,6500000
Forsvaret og Forsvarsministeriets Styrelser     25000000,25000000
FORTIUS SHIP MANAGEMENT         300000,300000
Fortuna Seaside Bulk Carriers A/S       1000000,1000000
FOS MANAGEMENT SERVICES         100000,100000
Foss Maritime Company   400000,400000
FRatelli Cosulich Bunkers (Hong         1000000,1000000
Fratelli Cosulich Spa   7500000,7500000
Fratelli Cosulich Unipessoal SA 1000000,"$1,000,000.00"
"FRED, OLSEN WINDCARRIER         300000",300000
Frederikshavn Maritime Uddan-   100000,100000
Freight Force AG        2000000,"$2,000,000.00"
"FRIEDRICH G, FROMMANN   250000",250000
Frontline Shipping Limited      7000000,"$7,000,000.00"
FRONTLINE SHIPPING      3000000,"$3,000,000.00"
Fuel Masters LLC        475000,"$475,000.00"
Fugro NV        15000000,"$15,000,000.00"
Fugro Singapore Pte Ltd 350000,"$350,000.00"
"Fugro USA Marine Inc,   200000",200000
"FUGRO USA MARINE, INC,  500000","$500,000.00"
Fujian Guohang Ocean Shipping   1000000,1000000
FUJIAN OCEAN SHIPPING   320000,320000
FUJIAN SHIPPING COMPANY 1000000,"$1,000,000.00"
Future Oil & Grease Industry FZ         100000,100000
G2 Ocean AS     12000000,12000000
G2 Ocean AS     750000,750000
GAC BUNKER FUELS LIMITED        250000,"$250,000.00"
GAS NATURAL     5000000,5000000
"GASLOG LNG SERVICES L,T,D,      3000000","$3,000,000.00"
GasLog LNG Services Ltd 50000000,"$50,000,000.00"
Gaslog LNG Services Ltd 9000000,"$9,000,000.00"
GC Rieber Shipping AS   400000,400000
Gecoship AS     600000,600000
GEFO Gesellschaft Für Oeltransporte MBH 3000000,"$3,000,000.00"
GEMADEPT CORPORATION    500000,"$500,000.00"
Gemadept Shipping Limited       500000,500000
"Genco Shipping & Trading Ltd,   2700000",2700000
Genco Shipping  7000000,"$7,000,000.00"
Geogas Trading SA       5000000,5000000
Geoserve Energy Transport DMCC  3000000,"$3,000,000.00"
Geostan Marine  500000,"$500,000.00"
Glencore Limited        30000000,"$30,000,000.00"
Glencore Singapore Pte Ltd      7000000,"$7,000,000.00"
GLOBAL CRUISE LINES LTD 500000,"$500,000.00"
"Global Maritime Group Inc,      1000000","$1,000,000.00"
Global Offshore Services BV     325000,325000
GLOMMEN BUNKERSERVICE AS        1000000,"$1,000,000.00"
"GNG Ocean Shipping Co, Ltd,     300000",300000
Golar LNG Limited       15000000,15000000
Golar LNG Management Ltd        7500000,"$7,500,000.00"
Gold Star Maritime Company      400000,"$400,000.00"
GOLDEN BRICKS SHIPPING PTE      200000,"$200,000.00"
GOLDEN OCEAN SHIPPING CO        5000000,"$5,000,000.00"
"GOLDEN-AGRI STENA PTE, LTD,     600000",600000
Goldenport Shipmanagement Ltd   500000,500000
GPO Amethyst Limited    2000000,"$2,000,000.00"
GPO Grace Limite        2000000,"$2,000,000.00"
"GPR Co, Pte Ltd 1500000","$1,500,000.00"
GRAM MARINE PTE LTD     200000,200000
Great White Fleet Corp  2000000,"$2,000,000.00"
Greatship Global Offshore Services      130000,"$130,000.00"
GRECOMAR SHIPPING AGENCY        100000,"$100,000.00"
"Green Aim SDN, BHD,     600000",600000
Greenergy Fuels Limited 40000,"$40,000.00"
Gremex Shipping 200000,"$200,000.00"
"GRIMALDI DEEP SEA S,P,A,        5000000","$5,000,000.00"
"GRIMALDI EUROMED S,P,A, 2000000","$2,000,000.00"
Grimaldi group Spa      11000000,"$11,000,000.00"
"GTS GLOBAL TRADING PTE,         500000",500000
GUANGDONG DAPENG LNG    500000,"$500,000.00"
Guangzhou Salvage Bureau        1200000,"$1,200,000.00"
Guardian Navigation Worldwide Inc       3500000,3500000
Gulf Agency Co Dubai LLC        6000000,"$6,000,000.00"
GULF PETROL SUPPLIES LLC        250000,"$250,000.00"
GULF PETROL SUPPLIES LLC        500000,"$500,000.00"
Gulfmark Rederi AS      200000,"$200,000.00"
Gunvor Sa       6000000,6000000
Guodian Shipping (Hong Kong) Company Limited    950000,"$950,000.00"
GYXIS Corporation       2000000,2000000
HAKAN AGRO DMCC 350000,"$350,000.00"
"HALKIDON SHIPPING CORP, 500000","$500,000.00"
Handytankers K/S        5000000,"$5,000,000.00"
Hansa Shipping Ltd      250000,"$250,000.00"
Hansa Tankers AS        1000000,"$1,000,000.00"
Hanseatic Bunker Services GmbH  2500000,"$2,500,000.00"
HANSSY SHIPPING PTE LTD 100000,"$100,000.00"
Hanssy Shipping Pte Ltd 700000,"$700,000.00"
"HANSUNG LINE CO,, LTD,  750000","$750,000.00"
HANYU CO LTD    750000,"$750,000.00"
"Hao Hung Co, Ltd        750000","$750,000.00"
Hapag-Lloyd AG  70000000,"$70,000,000.00"
Harbour Island Shipping Limited 300000,"$300,000.00"
Harren Partner  5000000,"$5,000,000.00"
Hartmann        5000000,"$5,000,000.00"
Havforskningsinstituttet        300000,"$300,000.00"
Havforskningsinstituttet        600000,"$600,000.00"
Hays Ships Limited      192000,"$192,000.00"
HBC Asia Pte Ltd        1000000,"$1,000,000.00"
Heerema Marine Contractors      100000,"$100,000.00"
Heinrich Wegener & Sohn         150000,150000
HELIOS LPG POOL LLC     1500000,1500000
Hellenic Tankers Co Ltd 1000000,"$1,000,000.00"
HICRI ERCILI DENIZ NAKLIYAT     250000,250000
Hijos De Vidal Bandin SA        250000,"$250,000.00"
"Hindustan Petroleum Corp Ltd,   1500000",1500000
HK Denizcilik   250000,250000
H-LINE SHIPPING CO LTD  1500000,"$1,500,000.00"
HMM Company Limted      7500000,"$7,500,000.00"
Hoegh Autoliners AS     8000000,8000000
Holbud Ship Management Limited  4000000,"$4,000,000.00"
"Holland America Line Inc,       2000000",2000000
HONG KONG GOODWILL      200000,"$200,000.00"
"Hong Kong Ming Wah Shipping Co, Ltd     2000000",2000000
"HORIZON TANKERS LTD S,A,        350000","$350,000.00"
Hoteles Dinamicos Sa Vidanta    500000,"$500,000.00"
"Hoyer Marine Trading GmbH,      500000","$500,000.00"
HØYERGRUPPEN AS 300000,"$300,000.00"
Hoyerpool AS    50000,"$50,000.00"
HSL Shipping & Logistics (NA) Inc       400000,400000
Huayang (Hong Kong) Shipping    500000,"$500,000.00"
Hudson Shipping Lines Inc       2000000,2000000
HUGO STINNES SCHIFFAHRT         250000,250000
Hurtigruten Cruise AS   1250000,1250000
Hydroussa Navigation Ltd        1100000,"$1,100,000.00"
Hyproc Shipping Company SPA     1000000,1000000
"Hyundai Glovis Co, Ltd, 5000000","$5,000,000.00"
"Hyundai Ocean Service Co, Ltd   420000",420000
IBT Bunkering & Trading         250000,250000
"Idemitsu International (Asia) Pte,      3000000","$3,000,000.00"
Ignazio Messina C Spa   1200000,1200000
IHB SHIPING CO JSC      250000,"$250,000.00"
IMC Shipping Co Pte Ltd 6000000,"$6,000,000.00"
IMS OIL TRADING LTD     400000,400000
Independent Bulk Carriers A/S   600000,600000
Indian Oil Corporation Ltd      1000000,"$1,000,000.00"
Indigo Energy Partners  200000,"$200,000.00"
Industrial Maritime Carriers LLC        300000,"$300,000.00"
"INFICESS SHIPPING CO, LTD       100000",100000
Insight Maritime DMCC   500000,500000
Institute for Shipboard Education       650000,650000
Integr8 Fuels Inc       15000000,15000000
Integrity Bulk ApS      750000,"$750,000.00"
INTERASIA LINES SINGAPORE       2000000,2000000
Interex Megaline Co Ltd 1500000,"$1,500,000.00"
INTERGLOBAL SHIPPING 3001       200000,200000
INTERORIENT MARINE      500000,"$500,000.00"
Interrybflot Service Ltd        150000,"$150,000.00"
"Interunity Management Corp,     1000000",1000000
Interworld Shipping Agency LLC  100000,"$100,000.00"
Iolcos Hellenic Maritime Enterprices    500000,"$500,000.00"
IONIC SHIPPING (MGT) INC        500000,"$500,000.00"
Island Oil Limited      250000,"$250,000.00"
ITOCHU ENEX CO LTD      2500000,"$2,500,000.00"
J ronco y Cia Sl        880000,"$880,000.00"
"J, Lauritzen AS 7500000","$7,500,000.00"
JALDAMAR SL     200000,200000
Jaldhi Overseas Pte Ltd 1000000,"$1,000,000.00"
James Fisher Everard Limited    250000,"$250,000.00"
JAPAN TUNA FISHERIES    1400000,"$1,400,000.00"
Jasa Merin (Malaysia) Sdn Bhd   350000,350000
"Jeil International Co, Ltd      400000","$400,000.00"
Jera Trading Singapore Pte Ltd  1000000,"$1,000,000.00"
"Jiangshu Shagang Group Co, Ltd  7500000","$7,500,000.00"
JIANGSU STEAMSHIP COMPANY       750000,750000
JIARONG MARINE (HK) CO LTD      150000,"$150,000.00"
JK International Pty Limited    800000,"$800,000.00"
Jose Montenegro Vila SL 300000,"$300,000.00"
JSC Polarnaya Ekspeditsia       300000,300000
JSC Yuzhmorryflot       300000,300000
Jumbo Shipping VoF      1000000,"$1,000,000.00"
Jungwon Maritime Pte Ltd        300000,"$300,000.00"
Jutlandia Terminal A/S  3000000,"$3,000,000.00"
Jxtg Nippon Oil Energy Corporation      32000000,"$32,000,000.00"
"K Express Co, Ltd       30000",30000
K Line Bulk Shipping (UK) Ltd   750000,750000
K Line Offshore As      3000000,"$3,000,000.00"
K Navigate Company Limited      40000,"$40,000.00"
KANEMATSU CORPORATION   500000,500000
Kassian Maritime Ltd    500000,"$500,000.00"
Kawasaki Kisen Kaisha Ltd (K Line)      10000000,"$10,000,000.00"
Keum Yang Shipping Co Ltd       150000,150000
"KEYSTONE SHIPPING CO,   750000",750000
Kim Heng Marine oilfield Pte Ltd        200000,"$200,000.00"
Klaveness Chartering AS 500000,"$500,000.00"
Klaveness Chartering AS 500000,"$500,000.00"
K-Line Pte Ltd  5000000,"$5,000,000.00"
KOCH FERTILIZER         1000000,1000000
Koch Shipping Pte Ltd   20000000,20000000
Kolkhorst Petroleum Company     150000,150000
"KONKAR SHIPPING AGENCIES S,     250000",250000
Kontsern Aspol-Baltik   250000,250000
Koppers Denmark Aps     400000,400000
"Korea Line Corp,        2000000","$2,000,000.00"
KOREA MARINE TRANSPORT CO       1500000,1500000
Korea Shipping Corporation      2300000,"$2,300,000.00"
Kristian Gerhard Jebsens        500000,"$500,000.00"
"Kunlun Trading Co, Limited      2800000","$2,800,000.00"
Kuwait Petroleum Corporation    2000000,"$2,000,000.00"
Kyklades Maritime Corporation   1000000,1000000
KYMA SHIP MANAGEMENT INC        500000,"$500,000.00"
Lahham Livestock Meat Trading Company   60000,60000
LALEMANT NV     400000,400000
LANGLOIS ENTERPRISES LTD        700000,"$700,000.00"
Langlois Enterprises Ltd        800000,"$800,000.00"
LANPAN PTE LTD  550000,"$550,000.00"
Larus SA        4000000,"$4,000,000.00"
"Lauritzen Bulkers A/S c/o  J, Lauritzen A/S     500000",500000
Lavinia Corporation     8000000,8000000
Lazer Energy Company    225000,"$225,000.00"
LD BULK 350000,"$350,000.00"
LEADING RESOURCES (HONG         2000000,2000000
Leidos Holdings Inc     2400000,2400000
"Lemar Shipping Inc,     300000",300000
Lemissoler Shipmanagement       800000,800000
"LEO OCEAN PTE, LTD,     2000000",2000000
"Leomax Maritime Pte, Ltd        500000","$500,000.00"
LH Shipping Pte Ltd     1000000,1000000
Liannex Corporation     350000,350000
Liberty Maritime Corporation    2500000,"$2,500,000.00"
Licvem Shiping & Trading Aps    1100000,"$1,100,000.00"
Lighthouse Navigation Pte Ltd   1500000,1500000
Livanos NG Maritime Company     200000,200000
LMCS Maritime Pvt Ltd   500000,500000
Londonderry Port & Harbour      15000,"$15,000.00"
Long Hung Trading and Service Co Ltd    800000,"$800,000.00"
"LONGSEA MARINE CO,, LIMITED     100000",100000
LONGSHIP        1500000,"$1,500,000.00"
Louis Dreyfus Company Freight   5000000,5000000
Louis Dreyfus Company Suisse SA 15000000,"$15,000,000.00"
Louis Dreyfus Company Suisse SA 2500000,"$2,500,000.00"
LSS Ocean Transport DMCC K/A    100000,"$100,000.00"
LUBREX FZC      150000,"$150,000.00"
Lyon Bunker Services SA 5000000,"$5,000,000.00"
Lyra Maritima Ltda      750000,"$750,000.00"
"M,R,C, DENIZCILIK TURIZM VE     200000",200000
M/Maritime Corp 1000000,"$1,000,000.00"
MACS MARITIME CARRIER   500000,500000
MAERSK DRILLING A/S     1000000,1000000
Maersk Drilling Services A/S    500000,"$500,000.00"
MAERSK LINE A/S 3000000,"$3,000,000.00"
MAERSK LINE     2000000,2000000
Maersk Oil Trading and  750000,"$750,000.00"
Maersk Oil Trading Singapore Ltd        700000,"$700,000.00"
Maersk Supply Service A/S       750000,750000
MAERSK SUPPLY SERVICE   500000,500000
Maersk Tankers A/S      5000000,"$5,000,000.00"
MAG Lube LLC a/k/a Mag  100000,"$100,000.00"
Mage PAO        750000,"$750,000.00"
"Magical Cruise Company, Limited 5000000","$5,000,000.00"
MAINPRIZE OFFSHORE LTD  250000,"$250,000.00"
Malik Supply A/S        500000,"$500,000.00"
Manta Denizcilik Nakliyat ve Ticaret Ltd        2000000,"$2,000,000.00"
Marblue Shipping Company SA     300000,300000
Marguisa Shipping Lines SLU     1000000,1000000
Marida Tankers Inc      1000000,"$1,000,000.00"
MARINE CRANE MC AB      75000,"$75,000.00"
MARINE SOLUTIONS MG AB  200000,"$200,000.00"
Marine Survey Contractors NV    300000,"$300,000.00"
Marine Trust Ltd        10000000,"$10,000,000.00"
Marineco Ltd    25000,"$25,000.00"
Marinekommando  500000,"$500,000.00"
MARINOIL SERVICE SA     500000,500000
Marlow Navigation Company       500000,500000
Marmaras Navigation Ltd 3000000,"$3,000,000.00"
Marnavi SpA     2000000,2000000
Martin Energy Services  50000,"$50,000.00"
MARUBENI GRAIN & OILSEEDS       2000000,2000000
Marubeni Petroleum Co Ltd       15000000,15000000
"MARUBENI PETROLEUM CO,,         4000000",4000000
MASSMARINER SA  500000,"$500,000.00"
"Maximus Marine Pte, Ltd,        300000","$300,000.00"
Mcc Transport Singapore Pte Ltd 6000000,"$6,000,000.00"
"MCDERMOTT AUSTRALIA PTY,        1000000","$1,000,000.00"
Meadway Shipping Trading Inc    5000000,"$5,000,000.00"
"Medcare Shipping S,A,   150000",150000
"Mediterranean Shipping Co, S,A, (MSC)   72000000",72000000
Medkon Hat Isletmeciligi        1000000,"$1,000,000.00"
Mena Energy DMCC        1000000,"$1,000,000.00"
Mercuria Energy Trading SA      6000000,"$6,000,000.00"
Meremar General Trading LLC     225000,225000
Meridian Ltd    750000,"$750,000.00"
Mermaid Subsea Services 170000,"$170,000.00"
METF BUNKER SERVICES SAL        50000,"$50,000.00"
Miclyn Offshore Middle East Africa FZE  200000,"$200,000.00"
Midcon Gathering LLC    250000,"$250,000.00"
"MINCHART GmbH & Co, KG  500000","$500,000.00"
MINMETALS SHIPPING      1000000,"$1,000,000.00"
Mintrans Limited        500000,"$500,000.00"
Misje Rederi AS 50000,"$50,000.00"
"Mitsui O,S,K, Lines Ltd 2000000","$2,000,000.00"
"Mitsui OSK Kinkai Ltd, aka Shosen       2000000",2000000
Mitsui OSK Lines Ltd    7000000,"$7,000,000.00"
Mlb Manfred Lauterjung  330000,"$330,000.00"
MMA OFFSHORE ASIA PTE LTD       150000,150000
MMA OFFSHORE ASIA VESSEL        200000,"$200,000.00"
MMT SWEDEN AB   150000,150000
MNG Maritime Ltd        540000,"$540,000.00"
Mohan Mutra Exports     200000,200000
MOHAR SHIPPING  300000,"$300,000.00"
MORADIÑA SL     1000000,1000000
Morfini SpA     500000,500000
MPI Offshore BV 1650000,"$1,650,000.00"
MRP Tanker OOO  200000,"$200,000.00"
"MS Charlie B Schifffahrts GmbH & Co, KG 100000","$100,000.00"
Msco Global Ltd 200000,"$200,000.00"
MULTIMAX SHIPPING PTE LTD       300000,300000
MUR Shipping BV 16000000,"$16,000,000.00"
MYKLEBUSTHAUG   640000,640000
"MYKONOS SHIPPING CO, LTD        800000","$800,000.00"
Nanjing Ocean Shipping Co Ltd   700000,700000
"Nanjing Sheng Hang Shipping Co,,        1000000","$1,000,000.00"
"NARVAL SHIPPING CORP,   250000",250000
NAT Chartering Limited  1000000,"$1,000,000.00"
Nathalin Company Limited        1800000,"$1,800,000.00"
NATIONAL GAS SHIPPING   3000000,3000000
"Naturgy Aprovisionamientos S,A, 500000","$500,000.00"
"Navalmar (UK) Ltd,      1500000","$1,500,000.00"
Navasota Oil Co Inc     150000,150000
Navesco SA      300000,"$300,000.00"
Navibulgar Shipping Ltd 4000000,"$4,000,000.00"
Naviera Chilena del Pacifico SA 100000,"$100,000.00"
Navigator Gas LLC       700000,700000
"NAVIGAZIONE MONTANARI S,P,      500000","$500,000.00"
Navina Maritime SA      2000000,"$2,000,000.00"
NAVISION SHIPPING A/S   300000,300000
Nbamr PAO       720000,720000
Nct Offshore AS 1000000,"$1,000,000.00"
Neptune Lines Shipping &        1000000,"$1,000,000.00"
Neu Seeschiffahrt GmbH  1100000,"$1,100,000.00"
NEU SEESCHIFFAHRT GMBH  500000,"$500,000.00"
New Sailing Shipping (HK) Limited       240000,240000
"New Sea Generation S,R,L,       300000",300000
New York State Marine Highway Transportation LLC        450000,"$450,000.00"
Nexans Norway AS        3000000,"$3,000,000.00"
Ngm Energy SA   6000000,6000000
Niels Hankiewicz Chartering GmbH        75000,"$75,000.00"
"Nile Dutch Africa Line B,V,     100000",100000
NIMR INternational LLC  150000,"$150,000.00"
Ningbo Donghai Shipping Co ltd  700000,"$700,000.00"
Ningbo Lionteam Shipping Co Ltd 250000,"$250,000.00"
"NIOVIS SHIPPING CO, S,A,        800000","$800,000.00"
NITTSU SHOJI CO LTD     500000,500000
NL TRANS OIL LIMITED    900000,"$900,000.00"
NORBROKER SHIPPING      500000,"$500,000.00"
Norbunker A/S   75000,75000
Norcem As       2000000,2000000
NORDEN SHIPPING         2500000,2500000
Nordic Bulk Carriers A/S        470000,"$470,000.00"
Nordic Chartering Ltd   300000,300000
Nordstar LLC    240000,"$240,000.00"
NORIENT PRODUCT POOL APS        3000000,"$3,000,000.00"
Normed Belgium BVBA     200000,200000
North Sea Giant AS      500000,"$500,000.00"
NORTH-WESTERN SHIPPING  250000,"$250,000.00"
Norvic Shipping International   2500000,2500000
NOVA CARRIERS (SINGAPORE)       1000000,1000000
Nova Marine Carriers Sa 1000000,"$1,000,000.00"
NOVA PETROLEUM (HK) LTD 200000,"$200,000.00"
NOVAALGOMA SHORT-SEA    750000,"$750,000.00"
NSG Nordic Shipping GmbH        100000,"$100,000.00"
Nutam Operations Pty Ltd        800000,"$800,000.00"
"NYK Bulkship (Korea) Co, Ltd,   1000000",1000000
NYK TRADING CORPORATION         300000,300000
Ocean 21 Holdings Pte Ltd       1500000,1500000
Ocean Base Shipping (Hong Kong) Limited 2000000,"$2,000,000.00"
"OCEAN CHALLENGER PTE, LTD,      500000","$500,000.00"
"Ocean Eleven Shipping Co,, Ltd  75000","$75,000.00"
Ocean Energy Limited    1500000,"$1,500,000.00"
Ocean Energy Ltd        1000000,"$1,000,000.00"
Ocean Horizon Shipping Limited  80000,"$80,000.00"
"Ocean Network Express Pte Ltd,  10000000","$10,000,000.00"
Ocean Oilfield Drilling FZC     144000,144000
Ocean7 Chartering Aps   300000,300000
"Oceana Shipping A,G,    500000","$500,000.00"
OCEANGOLD TANKERS INC   200000,200000
Oceanlance Maritime Co Ltd      200000,"$200,000.00"
Oceanways Shipping Limited      2850000,"$2,850,000.00"
"Odfjell Asia II Pte, ltd,       700000",700000
ODFJELL DRILLING AS     1000000,1000000
Odfjell Tankers AS      750000,"$750,000.00"
Odyssey Maritime Pte Ltd        600000,"$600,000.00"
Oil Expertise and Shipping SAM  150000,"$150,000.00"
Oilmar Shipping and Chartering DMCC     1000000,1000000
Olam International Ltd  4000000,"$4,000,000.00"
Oldendorff Carriers GmbH & Co KG        10000000,"$10,000,000.00"
Oldstone Holding Ltd    200000,"$200,000.00"
Oliuverslun Islands HF Iceland Oil      2500000,"$2,500,000.00"
Oman Charter Company SAOC       1000000,1000000
Oman Oil Marketing SAOG 150000,"$150,000.00"
"Oman Ship Management Company S,A,O,C    1000000","$1,000,000.00"
OMAN SHIP MANAGEMENT    1000000,"$1,000,000.00"
Oman Shipping Company   15000000,15000000
OMC SHIPPING    500000,"$500,000.00"
OMEGA BUNKER SNC Di     100000,100000
"OMEGRA SHIPPING PTE, LTD        1000000","$1,000,000.00"
One Ocean Expeditions inc       1200000,1200000
OOO Universal Baltic Company    350000,"$350,000.00"
OP SHIP AB      50000,"$50,000.00"
ORIENT EXPRESS LINES    1000000,"$1,000,000.00"
"Oriental Energy (Singapore) Int,        2500000","$2,500,000.00"
ORL Trading Ltd 2000000,"$2,000,000.00"
"OSG Ship Management, Inc,       500000",500000
OSR Rotterdam BV        500000,"$500,000.00"
OVERSEAS MARINE         300000,300000
"OXALIS SHIPPING CO, PTE, LTD,   100000",100000
"P & P SHIPPING CO, (HELLAS) S,  320000","$320,000.00"
"P,T, CHANDRA ASRI       800000",800000
P/F EFFO        1500000,"$1,500,000.00"
P/F Magn        8500000,"$8,500,000.00"
PACIFIC & ATLANTIC      50000,"$50,000.00"
Pacific Basin Chartering Limited        2500000,"$2,500,000.00"
Pacific Basin Shipping (Hk)Ltd  1000000,"$1,000,000.00"
Pacific Bulk Panamax Company limited    7500000,"$7,500,000.00"
Pacific Bulk Supramax Company limited   2100000,2100000
Pacific Inter-Link Sdn Bhd      450000,"$450,000.00"
Pacific International Lines (Pte) Ltd   15000000,15000000
"Pacific World Shipping Pte, Ltd,        500000","$500,000.00"
Paloma Shipping Corp    800000,"$800,000.00"
PAN OCEAN CO LTD        2500000,"$2,500,000.00"
Pancoast Trading (Singapore) Pte        500000,"$500,000.00"
Panoco Korea Co Ltd     2000000,2000000
Pantheon Tankers Management Ltd 6000000,"$6,000,000.00"
"Pasternak, Baum & Co,, Inc      500000","$500,000.00"
"PAVIMAR S,A,    200000","$200,000.00"
Penfield Tankers (Panamax) LLC  4000000,"$4,000,000.00"
Peng Hong Pte Ltd       400000,400000
PENG HONG PTE LTD       50000,50000
Peninsula Petroleum Limited     2000000,2000000
Perfect Bulk Limited    1000000,"$1,000,000.00"
Perosea Shipping Co SA  200000,"$200,000.00"
Pertanko Management SA  1000000,"$1,000,000.00"
PESQUERA AUGADOCE SL    130000,"$130,000.00"
Pesquera Barra SA       170000,170000
PESQUERA ECCE HOMO SL   130000,130000
PESQUERA RAYMI SL       100000,100000
Pesquera Raymi SL       100000,100000
PESQUERIAS CHAMO SL     250000,250000
PESQUERIAS GEORGIA SL   250000,250000
Peter Doehle Schiffahrts KG Gmbh & Co   7500000,7500000
PETER MADSEN REDERI A/S 210000,"$210,000.00"
PETRO OCEAN TRADING CO  400000,"$400,000.00"
PETRO SUMMIT PTE LTD    2500000,"$2,500,000.00"
PETROINEOS TRADING LIMITED      8000000,"$8,000,000.00"
Petrokimia Butadiene Indonesia PT       175000,175000
"Petroles Reiter Inc, AKA Reiter         300000",300000
PETRON CORPORATION      2000000,"$2,000,000.00"
"PETRONAS LNG LTD,       2000000",2000000
"Petro-Ocean Trading Co,Ltd      900000","$900,000.00"
Petros Shipmanagement SA        1000000,"$1,000,000.00"
Petrovietnam Transportation Corp        2900000,"$2,900,000.00"
PF EFFO         14500000,14500000
Pgs Geophysical As      1000000,"$1,000,000.00"
Phillips 66     7000000,7000000
PHUONG NAM INVESTMENT   100000,100000
Pine Marine Co  400000,"$400,000.00"
Pioneer Holdings Ltd    300000,"$300,000.00"
Pioneer Navigation Ltd (Bahamas)        1000000,"$1,000,000.00"
PIONEER NAVIGATION LTD C/O      600000,"$600,000.00"
"PISANO BUNKER S,R,L,    300000","$300,000.00"
PJSC North-Western Shipping     330000,330000
PLANTOURS & PARTNER GMBH        350000,"$350,000.00"
Platina Bulk Carriers Pts Ltd   700000,700000
"Plaza Marine, INC,      400000","$400,000.00"
"PLEIADES SHIPPING AGENTS S,     250000",250000
PLUTOFYLAX SHIPPING     250000,250000
"POE Shipping Pte, Ltd,  100000","$100,000.00"
Polar Explorer AS       800000,800000
"Polar Tankers, Inc,     2500000",2500000
"Polaris Shipping Co, Ltd,       500000",500000
Polaris Shipping Limited Inc    400000,"$400,000.00"
POLEMBROS SHIPPING LTD  1000000,"$1,000,000.00"
Polska zegluga Morska PP        3500000,"$3,500,000.00"
Pombo LDA       350000,350000
PORTLINE CONTAINERS     1000000,1000000
Posco Daewoo Corporation        2500000,"$2,500,000.00"
Posco International Corporation 2000000,"$2,000,000.00"
Precious Charm Limited  500000,"$500,000.00"
PRECIOUS SHIPPING PUBLIC CO     1000000,1000000
Primetransport Ltd      450000,"$450,000.00"
Product Shipping and Trading    500000,"$500,000.00"
Proman Shipping AG      500000,"$500,000.00"
Propel Shipping Pte Ltd 400000,"$400,000.00"
Prosafe Offshore Limited        1000000,"$1,000,000.00"
Prysmian Powerlink SRL  5000000,"$5,000,000.00"
PT Energy Transporter Indonesia 2000000,"$2,000,000.00"
PT Indofuels Limited    300000,"$300,000.00"
PT Meratus Line 500000,"$500,000.00"
PT Pertamina (Persero)  2000000,"$2,000,000.00"
PT Prayasa Indo Mitra Sarana    400000,"$400,000.00"
PT Salam Pacific Indonesia Lines        500000,"$500,000.00"
PT Tanto Intim Line     1000000,1000000
PT Waruna Nusa Sentana  250000,"$250,000.00"
"PT, CAHAYA PERDANA TRANS        250000","$250,000.00"
"PT, LUMOSO PRATAMA LINE 700000","$700,000.00"
"PT, SAMUDERA ENERGI     300000",300000
"PT, SOECHI LINES TBK    2000000","$2,000,000.00"
"PT, STYRINDO MONO       300000",300000
PTT Oil and Retail Business Public Company Limited      2000000,"$2,000,000.00"
"Public Joint Stock Company ""Murmansk Trawl Fleet""       200000",200000
Puma International Congo        90000,"$90,000.00"
Pyxis Maritime Corp     300000,300000
Qatar Navigation Company a/t/a  750000,"$750,000.00"
QatarGas Operating Co Ltd       15000000,15000000
"Qingdao Zhongtai Oceanic Fisheries Co, Ltd      280000","$280,000.00"
"Q-Shipping B,V, 500000","$500,000.00"
Quadra Commodities Sa   500000,500000
Quest Group DMCC        500000,"$500,000.00"
Radcliff Economy Marine Services        50000,"$50,000.00"
Raduga Shipping and Trading OU  100000,"$100,000.00"
Rafaelo 2002 Sha        150000,"$150,000.00"
"Raffles Bunkering Pte, Ltd,     900000",900000
RAIN CARBON BVBA        300000,"$300,000.00"
RAME Rubis Asphalt Middle East DMCC     500000,500000
RAUMA CATA OY   150000,150000
"RCL FEEDER PTE LTD,     1500000",1500000
Reachy International (HK) Co Ltd        300000,"$300,000.00"
Rebonave - Reboques e Assistencia Naval SA      100000,"$100,000.00"
Rederi AB Donsötank     150000,150000
Rederi AB Nathalie      15000,"$15,000.00"
Rederi AB Nordö-Link    500000,"$500,000.00"
"Reederei Lehmann GmbH & Co, KG  50000","$50,000.00"
"REEDEREI NORD HOLDING C,V,      600000","$600,000.00"
REGAL CAPE MARINE CC    100000,"$100,000.00"
RELIANCE BULK CARRIERS LLC      500000,"$500,000.00"
Reliance Industries Ltd 5000000,"$5,000,000.00"
Repsol Trading SA       2000000,2000000
"RESOLVE MARINE GROUP, INC,      550000","$550,000.00"
RHENUS MARITIME SERVICES        50000,"$50,000.00"
"Richland Bulk Pte, Ltd,         750000",750000
Ricochet Fuel Distributors      125000,"$125,000.00"
Riviera Marine Agent Doubleight         300000,300000
RIZHAO PORT (HONG KONG)         500000,500000
Rohde Nielsen A/S       8200000,8200000
Roswell Tankers Corp    250000,"$250,000.00"
"ROVA MARITIEM B,V,      250000","$250,000.00"
Rowan Companies Plc     15000000,15000000
Roxana Shipping SA      5000000,"$5,000,000.00"
ROYAL ARCTIC LINE A/S   2500000,2500000
Rtss Maritime Services LLC      150000,"$150,000.00"
RUDDER SAM      125000,"$125,000.00"
Rulexx Lubricants and Grease    300000,"$300,000.00"
RWE SUPPLY & TRADING GMBH       6000000,6000000
Rz Carrier      3500000,"$3,500,000.00"
S S Offshore Private Limited    150000,"$150,000.00"
"SAEHAN MARINE CO,, LTD, 1000000","$1,000,000.00"
"SAFE BULKERS INC,       1000000",1000000
Saga Subsea AS  500000,"$500,000.00"
Saga Welco AS   150000,150000
"Saipem (Portugal) Comercio Maritimo, Sociedade Unipessoal, Lda  5000000","$5,000,000.00"
Saipem Offshore Norway AS       4000000,4000000
Saipem SA       3000000,3000000
"Saipem(Portugal) Com, Maritimo  1000000","$1,000,000.00"
Sajo Industries Co Ltd  300000,"$300,000.00"
Sakhalin OAO SEA Shipping       200000,200000
Sal Heavy Lift GmbH     500000,500000
Samherji Hf     3000000,3000000
"Sammok Shipping Co, Ltd 1700000","$1,700,000.00"
Samos Steamship 6000000,"$6,000,000.00"
SAMOS STEAMSHIP COMPANY         1000000,1000000
SAMSKIP HF      3000000,"$3,000,000.00"
"SAMSKIP MULTIMODAL B,V, 1000000","$1,000,000.00"
Sapura Offshore Sdn Bhd 2800000,"$2,800,000.00"
SAUDI ARABIAN MINING    1000000,"$1,000,000.00"
SC Innovative Ukraine   250000,250000
ScanOcean AB    500000,"$500,000.00"
SCF Management Services         10000000,10000000
Schulte & Bruns Nederland BV    50000,"$50,000.00"
Schuyler Line Navigation        3000000,"$3,000,000.00"
SDK Chartering AS       50000,50000
SDTR MARINE PTE LTD     1750000,1750000
Sea Consortium Pte Ltd  12000000,"$12,000,000.00"
Sea Consortium Pte Ltd  3500000,"$3,500,000.00"
SEA GATE NAVIGATION LTD 200000,"$200,000.00"
SEA GLOBE MANAGEMENT AND        300000,"$300,000.00"
Sea Harvest Group Ltd   200000,200000
Sea Light Korea Corp    150000,"$150,000.00"
Sea Oil Public Company Limited  100000,"$100,000.00"
Sea Pioneer Limited     1300000,1300000
SEA TRADER INTERNATIONAL        500000,"$500,000.00"
Sea Traders SA  7000000,"$7,000,000.00"
Sea World Management Trading Inc        1050000,"$1,050,000.00"
Seabourn Cruise Line Limited    2000000,"$2,000,000.00"
"Seabulk Tankers, Inc    300000","$300,000.00"
Seacon Enterprise Pte Ltd       2000000,2000000
Seacon Shipping Co Ltd  800000,"$800,000.00"
Seacor holdings Inc     5000000,5000000
Seadrill Management     6000000,6000000
Seago Line A/S  1000000,"$1,000,000.00"
Sealink Shipping (Singapore) Pte Ltd    1500000,"$1,500,000.00"
SEAMAX MARINE INC       200000,200000
Seaocean Carriers Pte Ltd       500000,500000
Seapride Maritime SL    100000,"$100,000.00"
Seaside Navigation A/S  250000,"$250,000.00"
Seaspan Ship Management Ltd     600000,600000
Seatrans Solution Limited       300000,300000
Seawolf Tankers Inc     4000000,4000000
SeaWorld Management & Trading Inc       800000,800000
Seong Ho Shipping CO LTD        600000,"$600,000.00"
Shandong Blue Ocean Fishery Co Ltd      2800000,"$2,800,000.00"
Shanghai Haihua Shipping Co Ltd 500000,"$500,000.00"
SHANGHAI HONGFA SHIPPING        500000,"$500,000.00"
SHANGHAI RUN YUAN SHIPPING      500000,"$500,000.00"
Shanghai Sinochem-Stolt Shipping        300000,"$300,000.00"
Shanghai Time Shipping Co Ltd   270000,270000
Shanghai Zhenhua Shipping Co Ltd        450000,"$450,000.00"
Shearwater Geoservices AS       500000,500000
Shell International Trading and Shipping Company Ltd    35000000,"$35,000,000.00"
SHELL INTERNATIONAL     5000000,5000000
SHELL TANKERS (SINGAPORE)       6000000,6000000
Shell Trading (US) Company      2000000,"$2,000,000.00"
SHELL TRADING (US) COMPANY      2000000,"$2,000,000.00"
"Shell Trading Rotterdam B,V,    1000000","$1,000,000.00"
"Shell Western LNG B,V,  1000000","$1,000,000.00"
Shell   30000000,30000000
SHENZHEN ENERGY         1000000,1000000
SHENZHEN SHEKOU SHIPPING        300000,"$300,000.00"
"Shidao Group Co, Ltd    300000","$300,000.00"
"SHINE YEAR FISHING CO,, LTD,    275000","$275,000.00"
"SHL Offshore Contractors B,V,   2000000",2000000
Shreyas Shipping and Logistics  400000,"$400,000.00"
SHV Gas Supply & Risk   1000000,1000000
SIAM GAS TRADING PTE LTD        1000000,"$1,000,000.00"
"SIAM LUCKY MARINE CO,, LTD      1450000","$1,450,000.00"
SIBUR International GmbH        500000,"$500,000.00"
SIEM CAR CARRIERS AS    1000000,"$1,000,000.00"
Siem Industries Inc     5000000,5000000
Siem Offshore Rederi As 150000,"$150,000.00"
"Sigma Tankers Inc,      1200000","$1,200,000.00"
Signal Maritime Aframax Pool Ltd        500000,"$500,000.00"
SIGNAL MARITIME LTD     500000,500000
SILK ROAD SHIPPING AND  100000,"$100,000.00"
Silver Sea TC A/S       700000,700000
Simon Møkster Shipping AS       3000000,3000000
SIMOSA OIL CO LTD       300000,300000
Sims Group Global Trade Corp    270000,"$270,000.00"
Simtra International LLC        600000,"$600,000.00"
"Sinanen Co, Ltd,        400000","$400,000.00"
Singapore Shipping International (Private) Limited      400000,"$400,000.00"
Sino East Asia Pte Ltd  500000,"$500,000.00"
Sino East Transportation Limited        2500000,"$2,500,000.00"
Sinopec Fuel OIl (Singapore) Pte        500000,"$500,000.00"
Sinotrans Agencies (S) Pte Ltd  500000,"$500,000.00"
Sinotrans Canada Inc    1500000,"$1,500,000.00"
Sinotrans Container Lines Co Ltd        250000,"$250,000.00"
Sinotrans CSC Holdings Co Ltd   28000000,28000000
SIRIUS CHARTERING AB    150000,"$150,000.00"
SITC CONTAINER LINES    3000000,"$3,000,000.00"
SK B&T PTE LTD  2300000,"$2,300,000.00"
SK B&T PTE LTD  3750000,"$3,750,000.00"
SK Offshore Marine Sdn Bhd      40000,"$40,000.00"
Skeljungur HF   3000000,3000000
Skopelos Drillship      600000,"$600,000.00"
SM Line Corporation     4000000,4000000
Smart Energy Sweden Fuels AB    500000,"$500,000.00"
Smit Singapore Pte Ltd  700000,"$700,000.00"
SMT Cementships Investment Ltd  800000,"$800,000.00"
Socar Trading SA        8000000,"$8,000,000.00"
Socar Turkey Petrol Enerji Dagitim      1000000,"$1,000,000.00"
Societe d'Exploitation du Pioneering    5500000,"$5,500,000.00"
Sofidra SA      5000000,"$5,000,000.00"
"Sokana Shipping & Trading Ltd,  1000000","$1,000,000.00"
SOL GROUP MARKETING     300000,300000
"SOLAL SHIPPING S,A,     500000",500000
Solitaire Transport Chartering NV       750000,750000
Solvang ASA     1000000,1000000
Sonara  12500000,"$12,500,000.00"
Sonay Denizcilik Ltd Sti        300000,"$300,000.00"
Sonoco Partners Marketing &     2000000,2000000
South Kurdistan Company General Trading LLC     100000,100000
SOUTHERN PETROLEUM      500000,"$500,000.00"
Sovcomflot PAO  7500000,"$7,500,000.00"
"Spliethoff's Bevrachtingskantoor B,     2330000",2330000
SPRING MARINE MANAGEMENT        150000,"$150,000.00"
SSANGYONG CEMENT        600000,"$600,000.00"
SSH Maritime Management of Pleasure Yachts      50000,"$50,000.00"
"ST Logistics Pte, Ltd,  1000000","$1,000,000.00"
ST SHIPPING AND TRANSPORT       9500000,9500000
Stainless Tankers Inc c/o WOMAR Logistics Pte Ltd       2500000,2500000
STANDARD MARINE TØNSBERG        3000000,"$3,000,000.00"
Stanley Services Ltd Ssl        180000,"$180,000.00"
STAR BULK MANAGEMENT INC        1500000,"$1,500,000.00"
STAR CRUISES (HK) LTD   400000,400000
Star Tankers Inc Trust Company  1000000,"$1,000,000.00"
"STARBULK S,A,   1500000",1500000
STATE TRADING ORGANISATION      800000,"$800,000.00"
"STEALTH MARITIME CORP, S,A,     400000",400000
Stena Bulk A/S  1500000,"$1,500,000.00"
Stenersen Chartering AS 500000,"$500,000.00"
Stenoil KS      1000000,"$1,000,000.00"
Stenship KS     1000000,1000000
Stentank AS     500000,500000
Sterling Ocean Chemical Tankers III LLC 500000,"$500,000.00"
Sterling Ocean Shipping II LLC  500000,"$500,000.00"
Sterling Ocean Shipping III LLC 500000,"$500,000.00"
Stevin Rock LLC 500000,"$500,000.00"
Stiftelsen Christian Radich     50000,50000
Straits Bunkering Pte Ltd       250000,250000
Subsea 7 International Contracting Limited      700000,"$700,000.00"
SUBSEA 7 INTERNATIONAL  2000000,"$2,000,000.00"
Subsea 7 Singapore Contracting  800000,"$800,000.00"
Subsea7 ingapore Contracting Pte Ltd    700000,"$700,000.00"
SUCCESS BLOSSOM TRADING         1500000,1500000
Sucden Armateurs SAS    750000,"$750,000.00"
SUEK AG 600000,"$600,000.00"
SUNCOR ENERGY INC       2000000,2000000
Suncor Energy Products Partnership      2000000,"$2,000,000.00"
Suns International Shipping Co Ltd      300000,"$300,000.00"
"SUNWOO TANKER CO,, LTD, 400000","$400,000.00"
Super-Eco Tankers Management    500000,"$500,000.00"
SURYA EXIM LIMITED      300000,"$300,000.00"
"SUSESEA HOLDINGS PTE, LTD,      200000","$200,000.00"
SVALBARD LUFTHAVN AS    20000000,"$20,000,000.00"
Svendborg Bugser A/S    1000000,"$1,000,000.00"
Swedish Orient Line (Bahamas) Ltd       1000000,1000000
Swire Blue Ocean A/S    650000,"$650,000.00"
Swire Pacific Offshore Operations Pte Ltd       3000000,3000000
SWIRE PACIFIC OFFSHORE  500000,"$500,000.00"
SWIRE SEABED SHIPPING AS        1000000,"$1,000,000.00"
Swiss shipping Line SAL 350000,"$350,000.00"
Swiss Singapore Overseas        1000000,"$1,000,000.00"
"Swissmarine Corp, Ltd,  10000000","$10,000,000.00"
Synergy Marine Commercial       150000,150000
"T,K,B, Shipping A/S     600000",600000
"T,S, Lines Limited      4000000","$4,000,000.00"
"T,T,S, (Shipping) Limited       45000",45000
TA-HO Maritime Corporation      1000000,"$1,000,000.00"
Taiyoung Shipping Co Ltd        600000,"$600,000.00"
TALASA BARBANZA SL      120000,"$120,000.00"
Tami Project Inc        300000,"$300,000.00"
TAN BINH COMPANY LIMITED        1500000,"$1,500,000.00"
Tankerska Next Generation International Ltd     1000000,1000000
Tankerska Plovidba International Ltd    500000,"$500,000.00"
Target Marine SA        1000000,"$1,000,000.00"
Tarros SPA      1200000,"$1,200,000.00"
TATSUMI MARINE (S) PTE LTD      500000,"$500,000.00"
Tayf Denizcilik Ltd     200000,200000
"TB Marine Shipmanagement GmbH & Co, KG  200000","$200,000.00"
TEAM FUEL CORP  100000,"$100,000.00"
TEAM TANKERS CITY CLASS         1000000,1000000
Technip Uk Limited      2500000,"$2,500,000.00"
"Technomar Shipping Inc, 450000","$450,000.00"
TECO PETROLCULUK SANAYI         300000,300000
Teekay Chartering Limited       4300000,4300000
Teekay LNG Partners LP  1000000,"$1,000,000.00"
Teekay Navion Offshore Loading Pte Ltd  5000000,"$5,000,000.00"
Teekay Tankers Chartering Pte Ltd       3000000,3000000
Tehema Shipping Services Co LLC 500000,"$500,000.00"
TENSOU CO LTD AKA TENSOU        500000,"$500,000.00"
Terminal Astafeva OAO   200000,200000
TERMOIL SA      500000,"$500,000.00"
TESORO FAR EAST MARITIME        1500000,"$1,500,000.00"
Texas Fueling Services Inc      100000,"$100,000.00"
TFG Marine Pte Ltd      15000000,"$15,000,000.00"
"THAI OIL PUBLIC CO, LTD,        4000000","$4,000,000.00"
The Great Eastern Shipping Company Ltd  1200000,"$1,200,000.00"
The Ocean Technology Group Limited      220000,"$220,000.00"
THE PHILODRILL CORPORATION      600000,"$600,000.00"
The Shipping Corporation of India       3100000,3100000
The Sol Group   1300000,1300000
Thenamaris (Ships Management)   2200000,2200000
THORCO PROJECTS A/S     250000,250000
Thorco Shipping AS      2000000,"$2,000,000.00"
Thoresen Shipping Germany GmbH  2000000,"$2,000,000.00"
Thoresen Shipping Singapore Pte Ltd     2000000,2000000
THORESEN SHIPPING       2000000,2000000
Thornico AS     3000000,3000000
"Three L, Inc    150000","$150,000.00"
Thule Ltd       300000,300000
Tikhrybkom OOO  110000,"$110,000.00"
Tiryaki Shipping FZ-LLC 2000000,"$2,000,000.00"
"TMA Bulk Pool Inc,      2000000","$2,000,000.00"
TMS BULKERS LTD 500000,"$500,000.00"
TMS Tankers Ltd 12000000,"$12,000,000.00"
Toei Reefer Line Ltd    650000,"$650,000.00"
"Tongli Samoa Shipping Co, Ltd   1500000",1500000
"Tongli Shipping Pte,Ltd 800000","$800,000.00"
Torm AS 15000000,"$15,000,000.00"
TOTAL E&P GUYANE        8000000,"$8,000,000.00"
Tote Services Inc       350000,350000
Toyota Tsusho Petroleum Pte Ltd 2500000,"$2,500,000.00"
"TRADE FORTUNE INC,      150000","$150,000.00"
Trade Ocean Shipping Services Pty Ltd   300000,300000
"TRAILER BRIDGE, INC     500000",500000
Trans Vind Flot AO      225000,"$225,000.00"
"TRANSCOAL PACIFIC, PT   800000",800000
Transflot OOO   120000,120000
"Transmed Shipping Ltd,  1000000","$1,000,000.00"
Transshyp TOV   200000,200000
Transworld Feeders FZCO 500000,"$500,000.00"
TRI BULK SHIPPING LTD   500000,500000
Trimorya Shipping Limited       120000,120000
"Trinity House Harwich Depot, The        100000","$100,000.00"
Triomphe Shipping Pte Ltd       500000,500000
Trithorn Bulk A/S       600000,600000
Tronds Marine Service AS        600000,"$600,000.00"
Tropic Oil Tropic Fleet Services        100000,"$100,000.00"
TROPICAL SHIPPING &     600000,600000
Trustees of Columbia University in      550000,"$550,000.00"
TS GLOBAL PROCUREMENT   1500000,1500000
TS LINES LIMITED        1500000,"$1,500,000.00"
TSAKOS ENERGY NAVIGATION        500000,"$500,000.00"
Tune Chemical Tankers (UK) Limited      800000,"$800,000.00"
TURKIYE PETROLLERI ANONIM       1500000,1500000
Ukrrichflot JSSC        500000,"$500,000.00"
Ultrabulk A/S   1000000,1000000
Ultrabulk Shipholding (Singapore) Pte Ltd       300000,300000
Ultratech Cement Limited        200000,"$200,000.00"
U-Ming Marine Transport Corp    3000000,"$3,000,000.00"
U-Ming Marine Transport HK      500000,"$500,000.00"
U-Ming Marine Transport         1500000,1500000
UML     2000000,2000000
Unico Logistics Co LTD  2000000,"$2,000,000.00"
Unifeeder A/S/ United Shipping  2000000,"$2,000,000.00"
UNIFISHERY ENTERPRISE CO        500000,"$500,000.00"
Unigas International BV 900000,"$900,000.00"
"UNIGAS INTERNATIONAL, INC,      250000","$250,000.00"
UNIMAR SUCCESS SA       600000,600000
UNIMED FEEDER SERVICES A/S      500000,"$500,000.00"
Union Bulk A/S  600000,"$600,000.00"
UNION FENOSA GAS S A    2000000,"$2,000,000.00"
Union Maritime Limited  100000,"$100,000.00"
Uniper Global Commodities SE    5000000,"$5,000,000.00"
UNISON MARINE CORPORATION       300000,300000
United Arab Chemical Carriers Ltd (UACC)        500000,"$500,000.00"
UNITED EXPORTS LTD      250000,"$250,000.00"
"United Feeder Services L,P,     500000",500000
United Heavy lift GmbH  500000,"$500,000.00"
United Marguisa Lines   500000,500000
United Maritime Logistics       500000,500000
Universal Africa Lines Limited  250000,"$250,000.00"
UNIVERSAL AFRICA LINES  400000,"$400,000.00"
Universal Solutions Group LLC   1000000,1000000
UPT Handy Pool Limited  180000,"$180,000.00"
UPT POOL LTD    500000,"$500,000.00"
V SHIPS LEISURE SAM V SHIPS     500000,500000
"Van Oord Ship Management B,V,   700000",700000
Varamar Shipping DMMCC  500000,"$500,000.00"
Varamar TOV     1000000,1000000
"VARCO S,A,      200000","$200,000.00"
Vasi Shipping Pte Ltd   2000000,2000000
Vattenfall Vindkraft    1000000,"$1,000,000.00"
"Vestland Marine Spolka z,o,o,   250000",250000
Victoria Oceanway Ltd   30000,30000
Victory Shipping Pte Ltd        1000000,"$1,000,000.00"
Viet Trust Shipping Corp        60000,"$60,000.00"
Vietnam National Shipping Lines 6000000,"$6,000,000.00"
Viterra 2650000,"$2,650,000.00"
Vitol Sa        5000000,"$5,000,000.00"
VLK TRADERS SINGAPORE PTE       500000,500000
VOLKSWAGEN      750000,"$750,000.00"
Vooil Ltd       150000,150000
VQSV Shipping Limited c/o Axion Energy Corporation      300000,"$300,000.00"
Vroon Group     7500000,7500000
Vroon Shipping BV       7500000,7500000
W MARINE INC    200000,"$200,000.00"
Wagenborg Shipping BV   300000,300000
Wan Hai Lines Ltd       11000000,11000000
Wasa Dredging OY Ltd    187000,"$187,000.00"
WATERFRONT SHIPPING     2000000,2000000
WECO BULK A/S   500000,500000
Weco Bulk AS    20000000,"$20,000,000.00"
West African Marine SA  115000,"$115,000.00"
West Supply II Operation AS     315000,315000
Western Bridge (Shipping) Limited       350000,350000
Western Bulk Carriers AS        1500000,"$1,500,000.00"
Western Bulk Chartering AS      1500000,"$1,500,000.00"
WESTERN BULK PTE LTD    1000000,"$1,000,000.00"
"WESTWOOD SHIPPING LINES,        1750000","$1,750,000.00"
White Lake Shipping LTD 500000,"$500,000.00"
Whitener Enterprises Inc        150000,"$150,000.00"
Win Shipping Co Limited 500000,"$500,000.00"
WINSTAR SHIPPING PTE LTD        150000,"$150,000.00"
Wisco Shipping Co Ltd   1000000,1000000
WL Shipping Ltd 200000,"$200,000.00"
Womar Logistics Pte Ltd 7500000,"$7,500,000.00"
WOOJIN SHIPPING CO LTD  300000,"$300,000.00"
World Fuel Services Inc 20000000,"$20,000,000.00"
WORLD MARINE OFFSHORE A/S       150000,150000
World Oil Trade Inc     725000,725000
Xianglong Shipping Company      300000,"$300,000.00"
Xo Shipping     500000,500000
Yagci Denizcilik ve Ticaret Ltd Sirketi 200000,"$200,000.00"
Yang Ming Marine Transport Corporation  15000000,"$15,000,000.00"
"Yangtze Navigation (Asia) Co,, Ltd      500000","$500,000.00"
Yangtze Navigation (Hong Kong) Co Ltd   500000,500000
YANGTZE NAVIGATION      500000,"$500,000.00"
Yara Switzerland Ltd    3000000,"$3,000,000.00"
YA-SA GEMI ISLETMECILIGI VE     300000,300000
"Ya-sa Tanker Isletmeciligi A,S, 400000","$400,000.00"
"York Overseas Ltd,      50000","$50,000.00"
Yun Xing Shipping Co Limited    100000,"$100,000.00"
"ZEGLUGA GDANSKA SP, Z O,O,     ",
"Zeno Shipping Management Co, Limited   ",
"Zheijang Changchang Shipping Co, Ltd   ",
Zim Integrated Marine Services Ltd     ,
